timestamp,Ct,Dt,Ht,At,CRGt,risk_pct
1776873917.5357456,1.0,0.3,0.8,0.0,0.7,1.8
1776873928.6036158,1.0,0.38,0.8,0.0,0.62,2.28
1776873939.7679648,1.0,0.52,0.8,0.0,0.48,3.42
1776873960.9362578,1.0,0.83,0.8,0.0,0.17,8.24
1776873972.050378,1.0,1.0,0.8,0.0,-0.0,13.01
1776873983.0504167,1.0,0.99,0.8,0.0,0.01,12.68
1776873994.3265631,1.0,0.99,0.8,0.0,0.01,12.68
1776874005.491307,1.0,0.81,0.8,0.0,0.19,7.8
1776874016.6293957,1.0,0.87,0.8,0.0,0.13,9.2
1776874043.013512,1.0,0.3,0.8,0.0,0.7,1.8
1776874054.134802,1.0,0.26,0.8,0.0,0.74,1.6
1776874065.2008395,1.0,0.23,0.8,0.0,0.77,1.46
1776874076.3466792,1.0,0.2,0.8,0.0,0.8,1.34
1776874087.477059,1.0,0.18,0.8,0.0,0.82,1.26
1776874098.5711205,1.0,0.17,0.8,0.0,0.83,1.22
1776874109.6435223,1.0,0.15,0.8,0.0,0.85,1.15
1776874130.8174863,1.0,0.34,0.8,0.0,0.66,2.02
1776874386.5268142,1.0,0.3,0.8,0.0,0.7,1.8
1776874397.6427624,1.0,0.46,0.8,0.0,0.54,2.87
1776874408.597888,1.0,0.59,0.8,0.0,0.41,4.19
1776874419.7314193,1.0,0.69,0.8,0.0,0.31,5.57
1776874430.867778,1.0,0.8,0.8,0.0,0.2,7.59
1776874441.995158,1.0,0.83,0.8,0.0,0.17,8.24
1776874453.1330073,1.0,0.88,0.8,0.0,0.12,9.45
1776874464.0878592,1.0,0.9,0.8,0.0,0.1,9.98
1776874475.2276103,1.0,0.89,0.8,0.0,0.11,9.71
1776874486.3630297,1.0,0.86,0.8,0.0,0.14,8.95
1776874497.497508,1.0,0.71,0.8,0.0,0.29,5.9
1776874508.6381333,1.0,0.58,0.8,0.0,0.41,4.19
1776874519.558631,1.0,0.49,0.8,0.0,0.51,3.14
1776877182.0029194,1.0,0.3,0.8,0.0,0.7,1.8
1776877194.074863,1.0,0.42,0.8,0.0,0.58,2.56
1776877205.7764592,1.0,0.63,0.8,0.0,0.37,4.7
1776877217.8312616,1.0,0.8,0.8,0.0,0.2,7.59
1776877229.7366164,1.0,0.99,0.8,0.0,0.01,12.68
1776877403.6005967,1.0,0.3,0.8,0.0,0.7,1.8
1776877415.6430762,1.0,0.46,0.8,0.0,0.54,2.87
1776877427.686346,1.0,0.65,0.8,0.0,0.35,4.97
1776877439.6992018,1.0,0.62,0.8,0.0,0.38,4.57
1776877451.7028048,1.0,0.72,0.8,0.0,0.28,6.07
1776877463.1244192,1.0,0.8,0.8,0.0,0.2,7.59
1776877474.6212091,1.0,0.76,0.8,0.0,0.24,6.79
1776877484.1747446,1.0,0.3,0.8,0.0,0.7,1.8
1776877486.08611,1.0,0.82,0.8,0.0,0.17,8.24
1776877495.6445658,1.0,0.46,0.8,0.0,0.54,2.87
1776877497.6560194,1.0,0.88,0.8,0.0,0.12,9.45
1776877507.176225,1.0,0.59,0.8,0.0,0.41,4.19
1776877509.1317234,1.0,0.92,0.8,0.0,0.08,10.53
1776877518.6947954,1.0,0.69,0.8,0.0,0.31,5.57
1776877520.61585,1.0,0.96,0.8,0.0,0.04,11.71
1776877530.0969408,1.0,0.77,0.8,0.0,0.23,6.98
1776877532.105852,1.0,0.99,0.8,0.0,0.01,12.68
1776877541.5619252,1.0,0.84,0.8,0.0,0.16,8.47
1776877543.5619059,1.0,1.0,0.8,0.0,-0.0,13.01
1776877553.0630991,1.0,0.81,0.8,0.0,0.19,7.8
1776877555.0342898,1.0,1.0,0.8,0.0,-0.0,13.01
1776877564.5203238,1.0,0.87,0.8,0.0,0.13,9.2
1776877566.4681385,1.0,1.0,0.8,0.0,-0.0,13.01
1776877575.996613,1.0,0.72,0.8,0.0,0.28,6.07
1776877578.0296326,1.0,0.82,0.8,0.0,0.18,8.02
1776877587.4428856,1.0,0.79,0.8,0.0,0.21,7.38
1776877589.3937378,1.0,0.88,0.8,0.0,0.12,9.45
1776877598.8744621,1.0,0.77,0.8,0.0,0.23,6.98
1776877600.847298,1.0,0.9,0.8,0.0,0.1,9.98
1776877610.8957298,1.0,0.66,0.8,0.0,0.34,5.12
1776877612.5811615,1.0,0.74,0.8,0.0,0.26,6.42
1776877622.3484702,1.0,0.75,0.8,0.0,0.25,6.6
1776877624.0427816,1.0,0.81,0.8,0.0,0.18,8.02
1776877633.8488593,1.0,0.8,0.8,0.0,0.2,7.59
1776877635.5958433,1.0,0.87,0.8,0.0,0.13,9.2
1776877645.3653605,1.0,0.86,0.8,0.0,0.14,8.95
1776877647.1052072,1.0,0.92,0.8,0.0,0.08,10.53
1776877656.8990424,1.0,0.71,0.8,0.0,0.29,5.9
1776877658.642957,1.0,0.75,0.8,0.0,0.24,6.79
1776877668.4156406,1.0,0.59,0.8,0.0,0.41,4.19
1776877670.0816576,1.0,0.62,0.8,0.0,0.37,4.7
1776877679.973922,1.0,0.49,0.8,0.0,0.51,3.14
1776877681.5414846,1.0,0.52,0.8,0.0,0.48,3.42
1776877691.4659424,1.0,0.41,0.8,0.0,0.59,2.48
1776877692.9987726,1.0,0.43,0.8,0.0,0.56,2.71
1776877702.9688196,1.0,0.35,0.8,0.0,0.65,2.08
1776877704.5006783,1.0,0.37,0.8,0.0,0.63,2.21
1776877714.4501665,1.0,0.3,0.8,0.0,0.7,1.8
1776877715.9959185,1.0,0.31,0.8,0.0,0.68,1.91
1776877745.9743721,1.0,0.26,0.8,0.0,0.74,1.6
1776877747.511018,1.0,0.27,0.8,0.0,0.73,1.65
1776877757.5077817,1.0,0.23,0.8,0.0,0.77,1.46
1776877758.9931114,1.0,0.24,0.8,0.0,0.76,1.51
1776877769.0336769,1.0,0.4,0.8,0.0,0.6,2.41
1776877770.48605,1.0,0.41,0.8,0.0,0.59,2.48
1776877780.564737,1.0,0.54,0.8,0.0,0.46,3.63
1776877781.950898,1.0,0.55,0.8,0.0,0.45,3.73
1776877792.0936322,1.0,0.65,0.8,0.0,0.35,4.97
1776877793.3656678,1.0,0.63,0.8,0.0,0.37,4.7
1776877803.9077919,1.0,0.82,0.8,0.0,0.18,8.02
1776877804.8642497,1.0,0.81,0.8,0.0,0.19,7.8
1776877815.6957781,1.0,0.96,0.8,0.0,0.04,11.71
1776877816.6401238,1.0,0.94,0.8,0.0,0.06,11.11
1776877827.4844651,1.0,0.79,0.8,0.0,0.21,7.38
1776877828.446983,1.0,0.77,0.8,0.0,0.23,6.98
1776877839.1140754,1.0,0.65,0.8,0.0,0.35,4.97
1776877839.9159582,1.0,0.64,0.8,0.0,0.36,4.83
1776877851.5110087,1.0,0.54,0.8,0.0,0.46,3.63
1776877852.7485464,1.0,0.53,0.8,0.0,0.47,3.52
1776877863.3074954,1.0,0.65,0.8,0.0,0.35,4.97
1776877864.271854,1.0,0.64,0.8,0.0,0.35,4.97
1776877875.1109653,1.0,0.59,0.8,0.0,0.41,4.19
1776877876.026395,1.0,0.58,0.8,0.0,0.42,4.07
1776877886.8946528,1.0,0.69,0.8,0.0,0.31,5.57
1776877887.84878,1.0,0.69,0.8,0.0,0.31,5.57
1776877898.6814632,1.0,0.77,0.8,0.0,0.23,6.98
1776877899.5399265,1.0,0.77,0.8,0.0,0.23,6.98
1776877910.3534405,1.0,0.76,0.8,0.0,0.24,6.79
1776877911.1293163,1.0,0.77,0.8,0.0,0.23,6.98
1776877922.1260736,1.0,0.67,0.8,0.0,0.33,5.27
1776877923.067567,1.0,0.65,0.8,0.0,0.35,4.97
1776877934.02709,1.0,0.56,0.8,0.0,0.44,3.84
1776877934.9675913,1.0,0.54,0.8,0.0,0.46,3.63
1776877946.1380706,1.0,0.67,0.8,0.0,0.33,5.27
1776877947.1055818,1.0,0.65,0.8,0.0,0.34,5.12
1776877958.0363972,1.0,0.75,0.8,0.0,0.25,6.6
1776877958.9808636,1.0,0.74,0.8,0.0,0.26,6.42
1776877969.9241724,1.0,0.82,0.8,0.0,0.18,8.02
1776877970.8917603,1.0,0.81,0.8,0.0,0.18,8.02
1776877982.3390164,1.0,0.98,0.8,0.0,0.02,12.35
1776877983.275125,1.0,0.92,0.8,0.0,0.07,10.81
1776877994.1159053,1.0,0.83,0.8,0.0,0.16,8.47
1776877995.0724063,1.0,0.82,0.8,0.0,0.18,8.02
1776878006.0216508,1.0,0.79,0.8,0.0,0.21,7.38
1776878007.027313,1.0,0.74,0.8,0.0,0.26,6.42
1776878017.9386747,1.0,0.69,0.8,0.0,0.3,5.73
1776878018.94077,1.0,0.66,0.8,0.0,0.34,5.12
1776878029.8070197,1.0,0.74,0.8,0.0,0.26,6.42
1776878030.748126,1.0,0.71,0.8,0.0,0.29,5.9
1776878041.7415724,1.0,0.81,0.8,0.0,0.18,8.02
1776878042.67717,1.0,0.79,0.8,0.0,0.21,7.38
1776878053.5762846,1.0,0.67,0.8,0.0,0.32,5.42
1776878054.5265214,1.0,0.66,0.8,0.0,0.34,5.12
1776878065.4286613,1.0,0.56,0.8,0.0,0.44,3.84
1776878066.367409,1.0,0.54,0.8,0.0,0.45,3.73
1776878077.2211664,1.0,0.47,0.8,0.0,0.53,2.96
1776878078.2022314,1.0,0.46,0.8,0.0,0.54,2.87
1776878089.0607502,1.0,0.39,0.8,0.0,0.6,2.41
1776878089.9951308,1.0,0.38,0.8,0.0,0.61,2.34
1776878100.8830972,1.0,0.34,0.8,0.0,0.66,2.02
1776878101.8693724,1.0,0.33,0.8,0.0,0.67,1.96
1776878112.8088229,1.0,0.29,0.8,0.0,0.71,1.75
1776878113.8331242,1.0,0.28,0.8,0.0,0.72,1.7
1776878125.4070373,1.0,0.25,0.8,0.0,0.75,1.55
1776878134.296707,1.0,0.25,0.8,0.0,0.74,1.6
1776878136.8626583,1.0,0.22,0.8,0.0,0.78,1.42
1776878145.827044,1.0,0.42,0.8,0.0,0.58,2.56
1776878148.401149,1.0,0.39,0.8,0.0,0.61,2.34
1776878157.3561246,1.0,0.56,0.8,0.0,0.44,3.84
1776878159.8415694,1.0,0.53,0.8,0.0,0.47,3.52
1776878168.822723,1.0,0.55,0.8,0.0,0.44,3.84
1776878171.2690487,1.0,0.45,0.8,0.0,0.55,2.79
1776878180.310893,1.0,0.46,0.8,0.0,0.53,2.96
1776878182.746901,1.0,0.38,0.8,0.0,0.62,2.28
1776878191.8341477,1.0,0.42,0.8,0.0,0.58,2.56
1776878194.2864377,1.0,0.34,0.8,0.0,0.66,2.02
1776878203.9067328,1.0,0.36,0.8,0.0,0.64,2.15
1776878205.8679576,1.0,0.29,0.8,0.0,0.71,1.75
1776878215.4519744,1.0,0.3,0.8,0.0,0.69,1.85
1776878217.4070244,1.0,0.31,0.8,0.0,0.69,1.85
1776878227.5796309,1.0,0.36,0.8,0.0,0.64,2.15
1776878229.21867,1.0,0.36,0.8,0.0,0.64,2.15
1776878239.1348183,1.0,0.31,0.8,0.0,0.69,1.85
1776878240.7399237,1.0,0.31,0.8,0.0,0.69,1.85
1776878251.4622574,1.0,0.38,0.8,0.0,0.62,2.28
1776878252.4658384,1.0,0.47,0.8,0.0,0.53,2.96
1776878263.3489406,1.0,0.53,0.8,0.0,0.47,3.52
1776878264.331654,1.0,0.55,0.8,0.0,0.45,3.73
1776878275.298752,1.0,0.44,0.8,0.0,0.56,2.71
1776878276.2862403,1.0,0.46,0.8,0.0,0.54,2.87
1776878286.8681626,1.0,0.37,0.8,0.0,0.63,2.21
1776878287.869122,1.0,0.39,0.8,0.0,0.61,2.34
1776878298.7624779,1.0,0.32,0.8,0.0,0.68,1.91
1776878299.7298658,1.0,0.33,0.8,0.0,0.67,1.96
1776878310.6536632,1.0,0.27,0.8,0.0,0.73,1.65
1776878311.6643045,1.0,0.28,0.8,0.0,0.72,1.7
1776878322.5379965,1.0,0.24,0.8,0.0,0.76,1.51
1776878323.5530024,1.0,0.25,0.8,0.0,0.75,1.55
1776878345.0794218,1.0,0.22,0.8,0.0,0.78,1.42
1776878348.3794613,0.96,0.1,0.8,0.0,0.86,1.12
1776878356.5305612,1.0,0.19,0.8,0.0,0.81,1.3
1776878359.896991,0.92,0.1,0.8,0.0,0.82,1.26
1776878367.7840698,1.0,0.18,0.8,0.0,0.82,1.26
1776878371.4166083,0.89,0.1,0.8,0.0,0.79,1.38
1776878379.3174918,1.0,0.16,0.8,0.0,0.84,1.19
1776878382.922596,0.86,0.1,0.8,0.0,0.76,1.51
1776878391.3773375,1.0,0.15,0.8,0.0,0.85,1.15
1776878394.6570692,0.83,0.1,0.8,0.0,0.73,1.65
1776878403.4438653,1.0,0.14,0.8,0.0,0.86,1.12
1776878406.487906,0.8,0.1,0.8,0.0,0.7,1.8
1776878424.8391342,1.0,0.13,0.8,0.0,0.86,1.12
1776878428.0346014,0.77,0.27,0.8,0.0,0.5,3.23
1776878436.4077096,1.0,0.4,0.8,0.0,0.6,2.41
1776878439.5982156,0.82,0.53,0.8,0.0,0.28,6.07
1776878447.7459848,1.0,0.73,0.8,0.0,0.26,6.42
1776878451.1119688,0.85,0.73,0.8,0.0,0.12,9.45
1776878459.3215716,1.0,0.86,0.8,0.0,0.14,8.95
1776878462.6739328,0.88,0.87,0.8,0.0,0.01,12.68
1776878470.9810996,1.0,1.0,0.8,0.0,-0.0,13.01
1776878474.2515044,0.91,1.0,0.8,0.0,-0.09,16.38
1776878482.5951211,1.0,1.0,0.8,0.0,-0.0,13.01
1776878485.765723,0.92,1.0,0.8,0.0,-0.08,15.98
1776878494.0878425,1.0,0.83,0.8,0.0,0.16,8.47
1776878497.4269733,0.89,0.92,0.8,0.0,-0.03,14.06
1776878505.62521,1.0,0.93,0.8,0.0,0.06,11.11
1776878509.1532245,0.91,1.0,0.8,0.0,-0.09,16.38
1776878517.1592152,1.0,0.92,0.8,0.0,0.08,10.53
1776878521.2530987,0.93,1.0,0.8,0.0,-0.07,15.58
1776878528.701734,1.0,0.96,0.8,0.0,0.04,11.71
1776878532.7932649,0.94,1.0,0.8,0.0,-0.06,15.19
1776878540.190482,1.0,0.99,0.8,0.0,0.01,12.68
1776878544.3508096,0.96,0.97,0.8,0.0,-0.02,13.71
1776878551.7334914,1.0,0.81,0.8,0.0,0.19,7.8
1776878555.8587654,0.96,0.8,0.8,0.0,0.17,8.24
1776878563.1673844,1.0,0.67,0.8,0.0,0.33,5.27
1776878567.4122202,0.97,0.71,0.8,0.0,0.26,6.42
1776878574.4121032,1.0,0.65,0.8,0.0,0.34,5.12
1776878578.9201052,0.98,0.62,0.8,0.0,0.36,4.83
1776878585.9061944,1.0,0.54,0.8,0.0,0.45,3.73
1776878590.4260216,0.98,0.52,0.8,0.0,0.47,3.52
1776878597.427502,1.0,0.45,0.8,0.0,0.54,2.87
1776878601.9075716,0.94,0.43,0.8,0.0,0.51,3.14
1776878608.9470348,1.0,0.38,0.8,0.0,0.61,2.34
1776878613.5029933,0.95,0.37,0.8,0.0,0.59,2.48
1776878620.5016844,1.0,0.52,0.8,0.0,0.48,3.42
1776878632.518654,1.0,0.44,0.8,0.0,0.56,2.71
1776878644.6336727,1.0,0.49,0.8,0.0,0.51,3.14
1776878656.703574,1.0,0.47,0.8,0.0,0.52,3.05
1776878668.7970135,1.0,0.4,0.8,0.0,0.6,2.41
1776878680.1212134,1.0,0.46,0.8,0.0,0.54,2.87
1776878689.7564704,0.96,0.1,0.8,0.0,0.86,1.12
1776878691.64592,1.0,0.39,0.8,0.0,0.61,2.34
1776878701.8349106,0.92,0.1,0.8,0.0,0.82,1.26
1776878703.6850595,1.0,0.33,0.8,0.0,0.67,1.96
1776878713.3683324,0.89,0.1,0.8,0.0,0.79,1.38
1776878715.196064,1.0,0.29,0.8,0.0,0.71,1.75
1776878724.8944814,0.86,0.1,0.8,0.0,0.76,1.51
1776878726.6997046,1.0,0.25,0.8,0.0,0.75,1.55
1776878736.4360564,0.83,0.1,0.8,0.0,0.73,1.65
1776878738.1956522,1.0,0.22,0.8,0.0,0.78,1.42
1776878748.013144,0.8,0.1,0.8,0.0,0.7,1.8
1776878759.734248,1.0,0.19,0.8,0.0,0.8,1.34
1776878769.7887597,0.77,0.3,0.8,0.0,0.47,3.52
1776878771.1721823,1.0,0.38,0.8,0.0,0.62,2.28
1776878781.720924,0.74,0.51,0.8,0.0,0.23,6.98
1776878782.736189,1.0,0.52,0.8,0.0,0.48,3.42
1776878793.6272628,0.71,0.7,0.8,0.0,0.01,12.68
1776878794.610107,1.0,0.64,0.8,0.0,0.36,4.83
1776878805.520994,0.69,0.96,0.8,0.0,-0.27,25.16
1776878806.5284786,1.0,0.8,0.8,0.0,0.19,7.8
1776878817.404806,0.67,1.0,0.8,0.0,-0.33,28.7
1776878818.4119828,1.0,0.94,0.8,0.0,0.06,11.11
1776878829.2879107,0.6,0.82,0.8,0.0,-0.22,22.44
1776878830.2854476,1.0,0.85,0.8,0.0,0.15,8.71
1776878841.2200117,0.59,0.68,0.8,0.0,-0.09,16.38
1776878842.2108712,1.0,0.7,0.8,0.0,0.3,5.73
1776878853.0487108,0.57,0.76,0.8,0.0,-0.19,20.92
1776878854.0317519,1.0,0.78,0.8,0.0,0.22,7.18
1776878864.8642678,0.56,0.63,0.8,0.0,-0.07,15.58
1776878865.8259509,1.0,0.64,0.8,0.0,0.36,4.83
1776878876.7045662,0.55,0.52,0.8,0.0,0.02,12.35
1776878877.689915,1.0,0.53,0.8,0.0,0.46,3.63
1776878888.5568492,0.53,0.49,0.8,0.0,0.05,11.41
1776878889.5426297,1.0,0.49,0.8,0.0,0.5,3.23
1776878901.417384,1.0,0.59,0.8,0.0,0.41,4.19
1776878913.440122,1.0,0.68,0.8,0.0,0.32,5.42
1776878925.422797,1.0,0.66,0.8,0.0,0.34,5.12
1776878937.364107,1.0,0.74,0.8,0.0,0.25,6.6
1776878949.0985434,1.0,0.62,0.8,0.0,0.38,4.57
1776878960.983211,1.0,0.79,0.8,0.0,0.21,7.38
1776878972.4766471,1.0,0.85,0.8,0.0,0.15,8.71
1776878984.4411592,1.0,0.79,0.8,0.0,0.21,7.38
1776878996.5241175,1.0,0.75,0.8,0.0,0.25,6.6
1776879008.578841,1.0,0.82,0.8,0.0,0.18,8.02
1776879020.4213493,1.0,0.87,0.8,0.0,0.13,9.2
1776879057.728529,0.96,0.1,0.8,0.0,0.86,1.12
1776879069.1851141,0.92,0.1,0.8,0.0,0.82,1.26
1776879080.3620539,0.89,0.1,0.8,0.0,0.79,1.38
1776879091.8334396,0.89,0.1,0.8,0.0,0.79,1.38
1776879174.8849957,0.96,0.1,0.8,0.0,0.86,1.12
1776879186.281941,0.92,0.1,0.8,0.0,0.82,1.26
1776879197.7915356,0.92,0.12,0.8,0.0,0.8,1.34
1776879209.2957904,0.92,0.3,0.8,0.0,0.63,2.21
1776879220.8088183,0.93,0.43,0.8,0.0,0.49,3.32
1776879232.3064086,0.93,0.57,0.8,0.0,0.36,4.83
1776879243.790385,0.89,0.47,0.8,0.0,0.42,4.07
1776879255.2642968,0.86,0.4,0.8,0.0,0.46,3.63
1776879267.2957516,0.83,0.34,0.8,0.0,0.49,3.32
1776879278.8030655,0.81,0.29,0.8,0.0,0.51,3.14
1776879290.312282,0.78,0.25,0.8,0.0,0.53,2.96
1776879301.8157282,0.76,0.22,0.8,0.0,0.54,2.87
1776879403.3761861,0.69,0.2,0.8,0.0,0.49,3.32
1776879414.8700085,0.63,0.2,0.8,0.0,0.42,4.07
1776879639.510651,1.0,0.15,0.8,0.0,0.85,1.15
1776879650.896847,1.0,0.3,0.8,0.0,0.7,1.8
1776879662.6177804,1.0,0.33,0.8,0.0,0.67,1.96
1776879674.3740048,1.0,0.51,0.8,0.0,0.49,3.32
1776879686.3719952,1.0,0.65,0.8,0.0,0.35,4.97
1776879697.8144999,1.0,0.7,0.8,0.0,0.3,5.73
1776879709.6942472,1.0,0.78,0.8,0.0,0.22,7.18
1776879721.6606553,1.0,0.84,0.8,0.0,0.16,8.47
1776879733.069127,1.0,0.76,0.8,0.0,0.24,6.79
1776879744.539619,1.0,0.83,0.8,0.0,0.17,8.24
1776879755.9392722,1.0,0.91,0.8,0.0,0.09,10.25
1776879767.1319652,1.0,0.85,0.8,0.0,0.15,8.71
1776879778.5806346,1.0,0.7,0.8,0.0,0.3,5.73
1776879789.9705937,1.0,0.71,0.8,0.0,0.29,5.9
1776879801.424393,1.0,0.59,0.8,0.0,0.41,4.19
1776879813.8316007,0.96,0.49,0.8,0.0,0.47,3.52
1776879825.2221148,0.92,0.41,0.8,0.0,0.51,3.14
1776879836.6173573,0.89,0.35,0.8,0.0,0.54,2.87
1776879848.01162,0.86,0.3,0.8,0.0,0.56,2.71
1776879859.456412,0.83,0.26,0.8,0.0,0.57,2.63
1776879950.9143505,0.8,0.35,0.8,0.0,0.45,3.73
1776879962.9369175,0.76,0.33,0.8,0.0,0.44,3.84
1776879974.8217657,0.73,0.48,0.8,0.0,0.25,6.6
1776879986.2625377,0.67,0.4,0.8,0.0,0.26,6.42
1776879997.6797187,0.65,0.54,0.8,0.0,0.1,9.98
1776880009.0744064,0.63,0.45,0.8,0.0,0.17,8.24
1776880020.379975,0.61,0.45,0.8,0.0,0.16,8.47
1776880032.3827007,0.59,0.79,0.8,0.0,-0.19,20.92
1776880043.9725475,0.54,0.8,0.8,0.0,-0.26,24.6
1776880055.3679144,0.53,0.68,0.8,0.0,-0.16,19.47
1776880066.6505797,0.52,0.57,0.8,0.0,-0.05,14.8
1776880078.060324,0.51,0.47,0.8,0.0,0.03,12.03
1776880089.4606707,0.5,0.4,0.8,0.0,0.1,9.98
1776880100.8900576,0.49,0.38,0.8,0.0,0.11,9.71
1776880112.3275423,0.48,0.41,0.8,0.0,0.07,10.81
1776880123.7407365,0.48,0.37,0.8,0.0,0.1,9.98
1776880135.1383643,0.47,0.52,0.8,0.0,-0.05,14.8
1776880146.560785,0.46,0.68,0.8,0.0,-0.22,22.44
1776880157.984871,0.46,0.61,0.8,0.0,-0.15,19.0
1776880169.432855,0.45,0.71,0.8,0.0,-0.25,24.05
1776880180.7887783,0.45,0.78,0.8,0.0,-0.33,28.7
1776880192.1657248,0.45,0.85,0.8,0.0,-0.4,33.18
1776880203.6143036,0.44,0.82,0.8,0.0,-0.38,31.86
1776880215.0342185,0.44,0.88,0.8,0.0,-0.44,35.89
1776880226.5885181,0.44,0.87,0.8,0.0,-0.44,35.89
1776880237.9490614,0.43,0.77,0.8,0.0,-0.33,28.7
1776880249.4708846,0.43,0.91,0.8,0.0,-0.48,38.7
1776880334.258394,1.0,0.3,0.8,0.0,0.7,1.8
1776880345.728868,1.0,0.46,0.8,0.0,0.54,2.87
1776880357.1524768,1.0,0.59,0.8,0.0,0.41,4.19
1776880368.4790506,1.0,0.59,0.8,0.0,0.41,4.19
1776880379.9528623,1.0,0.69,0.8,0.0,0.31,5.57
1776880391.3258963,1.0,0.77,0.8,0.0,0.23,6.98
1776880402.7150998,1.0,0.84,0.8,0.0,0.16,8.47
1776880414.0871873,1.0,0.78,0.8,0.0,0.22,7.18
1776880425.4881566,1.0,0.8,0.8,0.0,0.2,7.59
1776880436.822577,1.0,0.91,0.8,0.0,0.09,10.25
1776880448.3688178,1.0,1.0,0.8,0.0,0.0,13.01
1776880459.7798502,1.0,1.0,0.8,0.0,0.0,13.01
1776880471.2426271,1.0,0.98,0.8,0.0,0.02,12.35
1776880482.9586465,1.0,1.0,0.8,0.0,0.0,13.01
1776880494.895873,1.0,1.0,0.8,0.0,0.0,13.01
1776880506.759584,1.0,1.0,0.8,0.0,0.0,13.01
1776880518.7123895,1.0,1.0,0.8,0.0,0.0,13.01
1776917365.7762263,0.96,0.1,0.8,0.0,0.86,1.12
1776917378.6621783,0.96,0.21,0.8,0.0,0.75,1.55
1776917391.624199,0.96,0.54,0.8,0.0,0.42,4.07
1776917404.8147633,0.96,0.7,0.8,0.0,0.26,6.42
1776917417.9971883,0.96,0.98,0.8,0.0,-0.02,13.71
1776917430.954674,0.96,1.0,0.8,0.0,-0.04,14.43
1776917443.7612572,0.96,0.82,0.8,0.0,0.14,8.95
1776917456.597311,0.96,0.68,0.8,0.0,0.28,6.07
1776917469.676188,0.96,0.76,0.8,0.0,0.2,7.59
1776917482.270914,0.96,0.63,0.8,0.0,0.33,5.27
1776917495.118531,0.96,0.53,0.8,0.0,0.43,3.95
1776917508.0199955,0.96,0.65,0.8,0.0,0.31,5.57
1776917521.1304762,0.96,0.58,0.8,0.0,0.38,4.57
1776917534.420335,0.96,0.78,0.8,0.0,0.18,8.02
1776917547.589181,0.96,0.95,0.8,0.0,0.01,12.68
1776917560.4975114,0.96,1.0,0.79,0.0,-0.04,14.8
1776917573.3722146,0.96,1.0,0.78,0.0,-0.04,15.19
1776917586.2346408,0.96,1.0,0.78,0.0,-0.04,15.19
1776917599.1586847,0.96,1.0,0.78,0.0,-0.04,15.19
1776917611.9739566,0.96,0.9,0.78,0.0,0.06,11.71
1776917624.76725,0.96,0.83,0.78,0.0,0.13,9.71
1776917637.820241,0.96,0.88,0.77,0.0,0.08,11.41
1776917650.5320134,0.96,0.87,0.76,0.0,0.09,11.41
1776917663.5186446,0.96,0.92,0.76,0.0,0.04,13.01
1776917675.7725866,0.96,0.95,0.76,0.0,0.01,14.06
1776917688.6161034,0.96,0.98,0.76,0.0,-0.02,15.19
1776917701.9291945,0.96,1.0,0.76,0.0,-0.04,15.98
1776917714.823782,0.96,0.9,0.76,0.0,0.06,12.35
1776917728.0066473,0.92,0.74,0.76,0.0,0.19,8.71
1776917741.2047358,0.92,0.81,0.76,0.0,0.11,10.81
1776917754.3136199,0.89,0.67,0.76,0.0,0.22,8.02
1776917767.5996828,0.86,0.56,0.76,0.0,0.3,6.42
1776917780.7575598,0.83,0.46,0.76,0.0,0.37,5.27
1776917793.8050935,0.83,0.39,0.76,0.0,0.44,4.31
1776917807.007797,0.83,0.53,0.76,0.0,0.3,6.42
1776917820.173085,0.83,0.45,0.76,0.0,0.38,5.12
1776917833.39055,0.83,0.38,0.76,0.0,0.45,4.19
1776917846.52142,0.8,0.32,0.76,0.0,0.48,3.84
1776917859.539159,0.8,0.28,0.76,0.0,0.53,3.32
1776917872.8402317,0.8,0.44,0.76,0.0,0.36,5.42
1776917886.0973363,0.81,0.37,0.76,0.0,0.43,4.44
1776917899.1424522,0.81,0.34,0.76,0.0,0.46,4.07
1776917912.3797894,0.81,0.3,0.76,0.0,0.51,3.52
1776917925.5976915,0.81,0.36,0.76,0.0,0.45,4.19
1776917938.6663098,0.81,0.41,0.76,0.0,0.4,4.83
1776917951.9071712,0.81,0.64,0.76,0.0,0.16,9.45
1776917965.0081203,0.78,0.54,0.76,0.0,0.25,7.38
1776917978.0806074,0.76,0.45,0.76,0.0,0.31,6.24
1776917991.4060755,0.76,0.54,0.76,0.0,0.22,8.02
1776918004.1608522,0.76,0.48,0.76,0.0,0.28,6.79
1776918017.413733,0.76,0.6,0.76,0.0,0.16,9.45
1776918030.5525103,0.76,0.7,0.76,0.0,0.06,12.35
1776918043.7403173,0.76,0.78,0.76,0.0,-0.02,15.19
1776918056.8259883,0.74,0.64,0.76,0.0,0.1,11.11
1776918069.793078,0.72,0.54,0.76,0.0,0.18,8.95
1776918082.7998724,0.7,0.45,0.76,0.0,0.25,7.38
1776918095.7904792,0.69,0.38,0.76,0.0,0.31,6.24
1776918108.7794333,0.69,0.36,0.76,0.0,0.32,6.07
1776918121.6531217,0.67,0.31,0.76,0.0,0.36,5.42
1776918134.2079718,0.67,0.27,0.76,0.0,0.4,4.83
1776918147.4023764,0.67,0.44,0.76,0.0,0.23,7.8
1776918160.238926,0.67,0.62,0.76,0.0,0.05,12.68
1776918173.1141415,0.67,0.92,0.5,0.0,-0.25,43.78
1776918185.5669358,0.66,1.0,0.11,0.0,-0.34,76.67
1776918198.2404702,0.65,1.0,0.0,0.0,-0.35,82.49
1776918210.6918342,0.63,1.0,0.0,0.0,-0.37,83.34
1776918223.2011333,0.62,1.0,0.0,0.0,-0.38,83.75
1776918235.9494896,0.62,1.0,0.0,0.0,-0.38,83.75
1776918248.4843066,0.62,1.0,0.0,0.0,-0.38,83.75
1776918261.1877563,0.63,1.0,0.0,0.0,-0.37,83.34
1776918273.5160732,0.63,1.0,0.0,0.0,-0.37,83.34
1776918285.8994849,0.63,1.0,0.0,0.0,-0.37,83.34
1776918298.2349133,0.63,1.0,0.0,0.0,-0.37,83.34
1776918310.5932078,0.63,1.0,0.0,0.0,-0.37,83.34
1776918322.9550476,0.63,1.0,0.0,0.0,-0.37,83.34
1776918335.3471456,0.63,1.0,0.0,0.0,-0.37,83.34
1776918347.6138089,0.63,1.0,0.0,0.0,-0.37,83.34
1776918360.5229533,0.63,0.96,0.0,0.0,-0.33,81.61
1776918373.1169422,0.63,0.99,0.0,0.0,-0.36,82.92
1776918385.6135838,0.63,1.0,0.0,0.0,-0.37,83.34
1776918398.412809,0.63,1.0,0.0,0.0,-0.37,83.34
1776918410.620439,0.62,1.0,0.0,0.0,-0.38,83.75
1776918422.8834326,0.62,0.98,0.0,0.0,-0.36,82.92
1776918435.0797088,0.62,1.0,0.0,0.0,-0.38,83.75
1776918447.2252884,0.62,1.0,0.0,0.0,-0.38,83.75
1776918459.4101284,0.61,0.82,0.0,0.0,-0.21,75.58
1776918471.4567559,0.61,0.68,0.0,0.0,-0.06,66.37
1776918483.5651515,0.61,0.56,0.0,0.0,0.05,58.66
1776918495.7625453,0.61,0.49,0.0,0.0,0.12,53.49
1776918507.9279046,0.61,0.52,0.0,0.0,0.1,54.98
1776918520.168406,0.62,0.43,0.0,0.0,0.18,49.0
1776918532.3186011,0.62,0.47,0.0,0.0,0.15,51.25
1776918545.2978177,0.62,0.63,0.0,0.0,-0.01,62.95
1776918557.39048,0.62,0.56,0.0,0.0,0.06,57.93
1776918569.5638397,0.61,0.47,0.0,0.0,0.14,52.0
1776918581.7652586,0.61,0.5,0.0,0.0,0.11,54.24
1776918593.9044864,0.61,0.44,0.0,0.0,0.17,49.75
1776918606.0674896,0.61,0.39,0.0,0.0,0.22,46.01
1776918618.3996863,0.61,0.43,0.0,0.0,0.18,49.0
1776918630.7515223,0.6,0.37,0.0,0.0,0.23,45.26
1776918643.0202336,0.59,0.31,0.0,0.0,0.28,41.58
1776918655.1760056,0.58,0.27,0.0,0.0,0.31,39.41
1776918667.3094587,0.58,0.24,0.0,0.0,0.34,37.29
1776918679.8231208,0.57,0.21,0.0,0.0,0.36,35.89
1776918702.1661525,0.57,0.19,0.0,0.0,0.38,34.52
1776918714.2701867,0.56,0.17,0.0,0.0,0.39,33.85
1776918726.4060574,0.56,0.16,0.0,0.0,0.4,33.18
1776918738.5234535,0.55,0.14,0.0,0.0,0.41,32.52
1776918750.760186,0.55,0.14,0.0,0.0,0.41,32.52
1776918762.8493922,0.55,0.29,0.0,0.0,0.26,43.05
1776918774.9295626,0.54,0.25,0.0,0.0,0.29,40.85
1776918787.0457287,0.54,0.42,0.0,0.0,0.12,53.49
1776918799.272444,0.54,0.36,0.0,0.0,0.18,49.0
1776918811.38053,0.54,0.31,0.0,0.0,0.23,45.26
1776918823.4845188,0.53,0.26,0.0,0.0,0.27,42.31
1776918835.638165,0.53,0.3,0.0,0.0,0.24,44.52
1776925955.5550263,1.0,0.3,0.8,0.0,0.7,1.8
1776925968.3015773,1.0,0.56,0.8,0.0,0.44,3.84
1776925981.1317117,1.0,0.72,0.8,0.0,0.28,6.07
1776925993.790345,0.96,0.8,0.8,0.0,0.16,8.47
1776926006.3778658,0.92,0.86,0.8,0.0,0.06,11.11
1776926019.107388,0.89,0.71,0.8,0.0,0.18,8.02
1776926031.8581076,0.89,0.79,0.8,0.0,0.1,9.98
1776926044.558122,0.89,0.66,0.8,0.0,0.23,6.98
1776926057.5390105,0.89,0.74,0.8,0.0,0.15,8.71
1776926070.1711028,0.86,0.64,0.8,0.0,0.22,7.18
1776926082.8287082,0.83,0.56,0.8,0.0,0.27,6.24
1776926095.7054038,0.83,0.67,0.8,0.0,0.16,8.47
1776926108.4337761,0.83,0.75,0.8,0.0,0.08,10.53
1776926121.1562648,0.83,0.76,0.8,0.0,0.07,10.81
1776926133.8904204,0.83,0.85,0.8,0.0,-0.02,13.71
1776926146.6572437,0.83,0.92,0.79,0.0,-0.09,16.8
1776926159.315553,0.83,1.0,0.79,0.0,-0.17,20.42
1776926172.079308,0.8,0.92,0.65,0.0,-0.12,25.16
1776926184.926812,0.8,1.0,0.51,0.0,-0.2,39.41
1776926197.704234,0.8,1.0,0.52,0.0,-0.2,38.7
1776926210.5192537,0.8,1.0,0.52,0.0,-0.2,38.7
1776926223.3715217,0.81,1.0,0.53,0.0,-0.19,37.29
1776926236.215577,0.81,1.0,0.52,0.0,-0.19,37.99
1776926249.1040072,0.81,1.0,0.51,0.0,-0.19,38.7
1776926261.9127667,0.81,1.0,0.51,0.0,-0.19,38.7
1776926274.5536234,0.81,1.0,0.52,0.0,-0.19,37.99
1776926287.171412,0.78,0.82,0.52,0.0,-0.04,28.09
1776926299.7755046,0.76,0.68,0.53,0.0,0.08,20.92
1776926312.416967,0.74,0.56,0.53,0.0,0.18,16.38
1776926325.0554483,0.72,0.47,0.54,0.0,0.25,13.35
1776926337.736676,0.7,0.39,0.54,0.0,0.31,11.41
1776926370.2714024,0.7,0.38,0.55,0.0,0.32,10.81
1776926382.9823885,0.7,0.58,0.55,0.0,0.13,17.65
1776926395.7378573,0.7,0.73,0.56,0.0,-0.03,25.16
1776926408.193792,0.7,0.88,0.56,0.0,-0.18,34.52
1776926420.841291,0.69,0.72,0.57,0.0,-0.04,25.16
1776926433.4698913,0.67,0.6,0.57,0.0,0.07,19.47
1776926446.221146,0.66,0.5,0.58,0.0,0.16,15.19
1776926458.9389145,0.65,0.44,0.58,0.0,0.2,13.71
1776926471.5788975,0.63,0.4,0.59,0.0,0.23,12.35
1776926494.4330115,0.63,0.84,0.59,0.0,-0.21,34.52
1776926507.1313286,0.63,0.89,0.6,0.0,-0.26,37.29
1776926519.9318972,0.62,0.73,0.6,0.0,-0.11,27.49
1776926532.6429467,0.62,0.81,0.61,0.0,-0.18,31.22
1776926545.3295014,0.62,0.87,0.61,0.0,-0.24,35.21
1776926558.072099,0.62,0.91,0.62,0.0,-0.29,37.99
1776926570.6552339,0.63,0.81,0.62,0.0,-0.18,30.58
1776926583.3193252,0.63,0.82,0.63,0.0,-0.2,31.22
1776926595.8274086,0.62,0.68,0.63,0.0,-0.06,22.97
1776926608.4488256,0.61,0.56,0.64,0.0,0.05,17.22
1776926621.1976955,0.61,0.67,0.64,0.0,-0.06,22.44
1776926633.705695,0.61,0.76,0.65,0.0,-0.15,26.89
1776926646.4210951,0.61,0.82,0.65,0.0,-0.22,31.22
1776926659.0959022,0.61,0.88,0.66,0.0,-0.27,33.85
1776926671.6999986,0.61,0.92,0.66,0.0,-0.32,37.29
1776926684.3851738,0.61,0.96,0.67,0.0,-0.35,38.7
1776926697.0309205,0.6,0.79,0.67,0.0,-0.19,28.09
1776926709.7113554,0.59,0.65,0.68,0.0,-0.06,20.42
1776926722.289063,0.58,0.54,0.68,0.0,0.04,15.98
1776926734.956801,0.58,0.45,0.69,0.0,0.13,12.35
1776926747.633302,0.57,0.38,0.69,0.0,0.19,10.53
1776926770.2778816,0.57,0.33,0.7,0.0,0.24,8.95
1776926869.1528883,0.96,0.1,0.8,0.0,0.86,1.12
1776926881.5399885,0.92,0.1,0.8,0.0,0.82,1.26
1776926894.1763492,0.89,0.1,0.8,0.0,0.79,1.38
1776926906.783265,0.86,0.1,0.8,0.0,0.76,1.51
1776926919.4673958,0.83,0.1,0.8,0.0,0.73,1.65
1776926942.164172,0.76,0.1,0.8,0.0,0.66,2.02
1776926954.7337663,0.73,0.18,0.8,0.0,0.55,2.79
1776926967.4085574,0.66,0.16,0.8,0.0,0.5,3.23
1776926980.0077887,0.6,0.15,0.8,0.0,0.45,3.73
1776926992.639047,0.54,0.14,0.8,0.0,0.4,4.31
1776927005.0054479,0.49,0.13,0.8,0.0,0.36,4.83
1776927017.6504183,0.44,0.13,0.8,0.0,0.32,5.42
1776927030.2760315,0.4,0.12,0.8,0.0,0.28,6.07
1776927042.8972979,0.36,0.12,0.8,0.0,0.24,6.79
1776927055.2876,0.36,0.11,0.8,0.0,0.25,6.6
1776927067.977814,0.32,0.11,0.8,0.0,0.21,7.38
1776927080.5481157,0.29,0.11,0.8,0.0,0.18,8.02
1776927093.1986287,0.26,0.11,0.8,0.0,0.15,8.71
1776927105.8518298,0.23,0.11,0.8,0.0,0.13,9.2
1776927118.429373,0.2,0.1,0.8,0.0,0.1,9.98
1776927130.9967263,0.18,0.1,0.8,0.0,0.08,10.53
1776927143.5796332,0.16,0.1,0.8,0.0,0.05,11.41
1776927156.1682441,0.14,0.1,0.8,0.0,0.03,12.03
1776927168.7319808,0.12,0.1,0.8,0.0,0.02,12.35
1776927181.3750186,0.1,0.1,0.8,0.0,-0.0,13.01
1776927194.0018013,0.1,0.1,0.8,0.0,-0.0,13.01
1776927206.6488566,0.1,0.1,0.8,0.0,-0.0,13.01
1776927219.257512,0.1,0.1,0.8,0.0,-0.0,13.01
1776927231.8253796,0.1,0.1,0.8,0.0,-0.0,13.01
1776927244.5013616,0.1,0.1,0.8,0.0,0.0,13.01
1776927267.1936393,0.11,0.1,0.8,0.0,0.01,12.68
1776927280.1221375,0.11,0.18,0.8,0.0,-0.07,15.58
1776927292.7557845,0.11,0.22,0.8,0.0,-0.11,17.22
1776927305.299135,0.11,0.19,0.8,0.0,-0.08,15.98
1776927317.8094215,0.12,0.17,0.8,0.0,-0.06,15.19
1776927330.41622,0.12,0.16,0.8,0.0,-0.04,14.43
1776927343.115829,0.13,0.15,0.8,0.0,-0.02,13.71
1776927355.6918602,0.13,0.14,0.8,0.0,-0.01,13.35
1776927368.2543545,0.13,0.13,0.8,0.0,0.0,13.01
1776927380.703879,0.14,0.12,0.8,0.0,0.01,12.68
1776927393.234518,0.14,0.12,0.8,0.0,0.02,12.35
1776927405.7999249,0.14,0.12,0.8,0.0,0.03,12.03
1776927418.4125588,0.15,0.11,0.8,0.0,0.03,12.03
1776927430.9434085,0.15,0.31,0.8,0.0,-0.16,19.47
1776927443.5405238,0.15,0.27,0.8,0.0,-0.12,17.65
1776927455.930484,0.15,0.36,0.8,0.0,-0.21,21.93
1776927468.4969819,0.16,0.31,0.8,0.0,-0.15,19.0
1776927481.0539968,0.16,0.41,0.8,0.0,-0.25,24.05
1776927493.624799,0.16,0.55,0.8,0.0,-0.39,32.52
1776956678.6312265,1.0,0.3,0.8,0.0,0.7,1.8
1776956691.6618528,1.0,0.46,0.8,0.0,0.54,2.87
1776956704.5120704,1.0,0.59,0.8,0.0,0.41,4.19
1776956717.0890722,1.0,0.77,0.8,0.0,0.23,6.98
1776956729.8595045,1.0,0.77,0.8,0.0,0.23,6.98
1777035839.856128,1.0,0.1,0.8,0.0,0.9,1.0
1777035851.2188838,0.974,0.935,0.956,0.0,0.039,7.69
1777035862.4323523,0.975,0.938,0.958,0.0,0.037,7.69
1777035873.7371073,0.976,0.941,0.96,0.0,0.035,7.69
1777035885.1558785,0.977,0.943,0.962,0.0,0.034,7.67
1777035896.4137018,0.978,0.946,0.963,0.0,0.032,7.69
1777035907.733789,0.979,0.948,0.965,0.0,0.031,7.67
1777035919.0594254,0.98,0.95,0.966,0.0,0.03,7.67
1777035930.406776,0.981,0.952,0.968,0.0,0.029,7.65
1777035941.6959226,0.982,0.954,0.969,0.0,0.027,7.65
1777035952.9763732,0.982,0.956,0.121,0.0,0.026,51.47
1777035964.1783493,0.983,0.958,0.965,0.0,0.025,7.8
1777035975.5386963,0.984,0.96,0.967,0.0,0.024,7.78
1777035986.7474132,0.985,0.962,0.118,0.0,0.023,51.92
1777035998.0442858,0.985,0.963,0.113,0.0,0.022,52.37
1777036009.2886834,0.136,0.965,0.108,0.0,-0.829,93.48
1777036020.4006922,0.13,0.966,0.104,0.0,-0.836,93.68
1777036031.5784154,0.125,0.968,0.099,0.0,-0.843,93.89
1777036042.7519429,0.119,0.969,0.095,0.0,-0.85,94.08
1777036053.9518898,0.964,0.97,0.941,0.0,-0.006,9.07
1777036065.1378894,0.966,0.972,0.944,0.0,-0.006,9.0
1777036076.3964088,0.967,0.973,0.946,0.0,-0.006,8.95
1777036087.7312264,0.119,0.974,0.098,0.0,-0.855,94.11
1777036099.1349742,0.963,0.975,0.944,0.0,-0.012,9.15
1777036110.3884375,0.115,0.976,0.097,0.0,-0.861,94.23
1777036121.6907787,0.435,0.767,0.172,0.019,-0.332,72.71
1777036132.9326184,0.108,0.977,0.089,0.0,-0.869,94.48
1777036144.2296178,0.953,0.978,0.935,0.0,-0.024,9.71
1777036155.609182,0.105,0.979,0.088,0.0,-0.873,94.57
1777036166.9319046,0.951,0.979,0.934,0.0,-0.029,9.82
1777036178.1975422,0.953,0.98,0.937,0.0,-0.027,9.71
1777038224.7256029,1.0,0.1,0.8,0.0,0.9,1.0
1777038235.956022,0.973,0.92,0.956,0.0,0.053,7.4
1777038247.0881386,0.974,0.94,0.958,0.0,0.035,7.76
1777038258.383552,0.976,0.943,0.959,0.0,0.033,7.76
1777038269.5760393,0.977,0.945,0.961,0.0,0.031,7.74
1777038280.690322,0.978,0.948,0.963,0.0,0.03,7.74
1777038301.7853668,0.978,0.95,0.964,0.0,0.029,7.76
1777038312.9337077,0.979,0.952,0.966,0.0,0.027,7.74
1777038324.0702531,0.98,0.954,0.967,0.0,0.026,7.74
1777038335.2795966,0.981,0.956,0.969,0.0,0.025,7.71
1777038346.4288929,0.982,0.958,0.97,0.0,0.024,7.71
1777038357.6424685,0.983,0.96,0.971,0.0,0.023,7.71
1777038368.9071126,0.983,0.961,0.973,0.0,0.022,7.69
1777038390.1019926,0.984,0.963,0.974,0.0,0.021,7.69
1777038401.221549,0.985,0.965,0.975,0.0,0.02,7.69
1777038412.3602736,0.985,0.966,0.976,0.0,0.019,7.69
1777038423.545962,0.986,0.968,0.977,0.0,0.018,7.69
1777038434.7426803,0.987,0.969,0.978,0.0,0.018,7.67
1777038445.8251877,0.987,0.97,0.979,0.0,0.017,7.67
1777038457.0007756,0.988,0.972,0.98,0.0,0.016,7.67
1777038468.1819289,0.988,0.973,0.981,0.0,0.016,7.67
1777038479.1401596,0.989,0.974,0.981,0.0,0.015,7.67
1777038490.3164346,0.989,0.457,0.982,0.0,0.533,1.73
1777038501.5143867,0.14,0.122,0.983,0.0,0.018,7.57
1777038512.6925037,0.134,0.967,0.134,0.0,-0.833,93.07
1777038523.8693082,0.978,0.968,0.978,0.0,0.01,7.84
1777038535.040721,0.979,0.97,0.979,0.0,0.009,7.84
1777038546.2169943,0.98,0.971,0.98,0.0,0.009,7.82
1777038557.42843,0.981,0.972,0.981,0.0,0.009,7.8
1777038568.61673,0.982,0.973,0.982,0.0,0.008,7.78
1777038579.7907238,0.982,0.975,0.982,0.0,0.008,7.82
1777038590.9788783,0.133,0.976,0.133,0.0,-0.843,93.28
1777038602.236396,0.127,0.977,0.127,0.0,-0.849,93.52
1777038613.4042478,0.972,0.978,0.972,0.0,-0.006,8.33
1777038624.5830102,0.973,0.979,0.973,0.0,-0.005,8.31
1777038635.811123,0.974,0.98,0.974,0.0,-0.005,8.29
1777038647.0157194,0.975,0.98,0.975,0.0,-0.005,8.24
1777038658.2000604,0.977,0.981,0.976,0.0,-0.005,8.2
1777038669.369001,0.978,0.982,0.977,0.0,-0.005,8.17
1777038680.3151827,0.128,0.133,0.978,0.0,-0.004,8.17
1777038691.504927,0.973,0.127,0.979,0.0,0.846,0.69
1777038702.6910112,0.974,0.972,0.98,0.0,0.002,7.97
1777038713.8808513,0.14,0.123,0.981,0.0,0.017,7.63
1777038725.0903103,0.97,0.968,0.982,0.0,0.002,7.93
1777038736.3168883,0.971,0.969,0.983,0.0,0.002,7.91
1777038747.4636886,0.973,0.97,0.983,0.0,0.002,7.89
1777038758.613309,0.124,0.122,0.984,0.0,0.002,7.89
1777038769.7791343,0.968,0.966,0.985,0.0,0.002,7.87
1777038780.9651139,0.97,0.968,0.985,0.0,0.002,7.87
1777038792.1379774,0.121,0.969,0.136,0.0,-0.848,93.32
1777038803.303446,0.966,0.971,0.98,0.0,-0.005,8.13
1777038814.3389766,0.967,0.529,0.981,0.0,0.439,2.28
1777038825.559874,0.452,0.769,0.206,0.015,-0.317,69.7
1777038836.7361917,0.116,0.969,0.127,0.0,-0.853,93.57
1777038847.8525167,0.111,0.121,0.971,0.0,-0.01,8.45
1777038859.0294046,0.957,0.966,0.973,0.0,-0.009,8.38
1777038870.1940014,0.958,0.967,0.974,0.0,-0.009,8.36
1777038881.3616798,0.96,0.969,0.975,0.0,-0.008,8.33
1777038892.5202973,0.962,0.97,0.976,0.0,-0.008,8.29
1777045451.56538,1.0,0.47,0.8,0.0,0.53,2.96
1777045462.6186926,0.993,0.237,0.627,0.0,0.756,2.54
1777045473.7821355,0.989,0.341,0.496,0.0,0.648,5.07
1777045484.95323,0.985,0.418,0.397,0.0,0.567,8.39
1777045496.094152,0.983,0.476,0.321,0.0,0.507,12.1
1777045507.2813084,0.982,0.469,0.264,0.0,0.512,13.82
1777045518.456448,0.981,0.465,0.22,0.0,0.516,15.35
1777045529.5296907,0.981,0.461,0.186,0.0,0.52,16.56
1777045540.7070312,0.98,0.458,0.159,0.0,0.522,17.62
1777045551.8721402,0.981,0.456,0.138,0.0,0.524,18.42
1777045563.08203,0.768,0.448,0.335,0.0,0.32,18.78
1777045574.2463043,0.82,0.383,0.483,0.0,0.438,9.46
1777045576.4890077,1.0,0.273,0.8,0.0,0.727,1.66
1777045585.4368117,0.86,0.399,0.594,0.0,0.46,6.51
1777045587.644161,0.993,0.188,0.839,0.0,0.806,1.18
1777045596.609616,0.889,0.352,0.466,0.0,0.538,7.53
1777045598.858044,0.989,0.171,0.869,0.0,0.818,1.04
1777045607.870157,0.912,0.289,0.582,0.0,0.623,4.26
1777045610.099392,0.986,0.153,0.892,0.0,0.832,0.93
1777045619.0503275,0.716,0.242,0.67,0.0,0.475,5.07
1777045621.336605,0.983,0.145,0.91,0.0,0.838,0.86
1777045630.2934134,0.568,0.217,0.736,0.0,0.351,5.95
1777045632.5393515,0.982,0.145,0.923,0.0,0.837,0.83
1777045641.4914207,0.456,0.188,0.786,0.0,0.268,6.53
1777045643.6816847,0.981,0.133,0.934,0.0,0.848,0.78
1777045652.47455,0.583,0.166,0.825,0.0,0.417,3.82
1777045654.885691,0.981,0.125,0.942,0.0,0.856,0.75
1777045663.663737,0.679,0.149,0.854,0.0,0.529,2.53
1777045666.0580099,0.981,0.119,0.949,0.0,0.862,0.72
1777045705.1463184,1.0,0.1,0.8,0.0,0.9,1.01
1777045716.32545,0.997,0.1,0.805,0.0,0.897,1.0
1777045727.4869566,0.995,0.1,0.81,0.0,0.895,0.99
1777045738.5212367,0.993,0.1,0.815,0.0,0.893,0.98
1777045749.6925092,0.992,0.1,0.82,0.0,0.892,0.97
1777045760.886234,0.99,0.1,0.825,0.0,0.89,0.96
1777045771.9925928,0.989,0.1,0.83,0.0,0.889,0.95
1777045783.1495497,0.988,0.1,0.835,0.0,0.888,0.94
1777045794.3038266,0.987,0.1,0.84,0.0,0.887,0.93
1777045805.4774876,0.987,0.1,0.845,0.0,0.887,0.91
1777045816.6530542,0.986,0.1,0.85,0.0,0.886,0.9
1777045827.8186002,0.986,0.1,0.855,0.0,0.886,0.89
1777045838.98411,0.986,0.1,0.86,0.0,0.886,0.88
1777045850.1278057,0.986,0.1,0.865,0.0,0.886,0.86
1777045861.2538092,0.986,0.1,0.87,0.0,0.886,0.85
1777045872.2373326,0.986,0.1,0.875,0.0,0.886,0.84
1777045883.4023223,0.986,0.1,0.88,0.0,0.886,0.83
1777045894.5817962,0.981,0.107,0.875,0.0,0.874,0.87
1777045905.741646,0.981,0.141,0.87,0.0,0.84,0.98
1777045916.9486718,0.981,0.172,0.875,0.0,0.809,1.05
1777045928.1181421,0.981,0.169,0.87,0.0,0.812,1.06
1777045939.2879643,0.981,0.162,0.865,0.0,0.819,1.05
1777045950.454018,0.982,0.156,0.86,0.0,0.826,1.05
1777045961.5105417,0.982,0.15,0.865,0.0,0.832,1.01
1777045967.4078436,1.0,0.188,0.8,0.0,0.812,1.31
1777045972.7084405,0.982,0.154,0.87,0.0,0.828,1.01
1777045978.6365566,0.997,0.109,0.805,0.0,0.889,1.04
1777045983.935436,0.977,0.184,0.865,0.0,0.794,1.14
1777045989.8039052,0.995,0.143,0.81,0.0,0.852,1.13
1777046036.61563,1.0,0.122,0.8,0.0,0.878,1.08
1777046047.8377576,0.997,0.1,0.795,0.0,0.897,1.04
1777046059.1203935,0.995,0.1,0.79,0.0,0.895,1.06
1777046070.2621174,0.993,0.1,0.785,0.0,0.893,1.08
1777046081.439429,0.992,0.1,0.78,0.0,0.892,1.1
1777046092.5904348,0.991,0.1,0.775,0.0,0.891,1.12
1777046103.7479625,0.989,0.1,0.77,0.0,0.889,1.15
1777046114.9055128,0.989,0.1,0.765,0.0,0.889,1.16
1777046126.0611658,0.988,0.1,0.76,0.0,0.888,1.18
1777046137.2186494,0.987,0.1,0.755,0.0,0.887,1.2
1777046148.4402945,0.987,0.1,0.75,0.0,0.887,1.22
1777046159.650659,0.987,0.1,0.745,0.0,0.887,1.24
1777046180.8442767,0.982,0.1,0.74,0.0,0.882,1.28
1777046191.9871333,0.977,0.104,0.735,0.0,0.872,1.33
1777046203.0457642,0.972,0.104,0.73,0.0,0.868,1.37
1777046214.2039027,0.967,0.145,0.725,0.0,0.822,1.59
1777046225.474429,0.962,0.193,0.73,0.0,0.769,1.83
1777046236.7111967,0.957,0.219,0.735,0.0,0.738,1.98
1777046247.9597347,0.952,0.242,0.74,0.0,0.71,2.11
1777046259.2673566,0.947,0.279,0.745,0.0,0.668,2.35
1777046913.598707,1.0,0.1,0.8,0.0,0.9,1.01
1777046924.7872362,0.998,0.1,0.805,0.0,0.898,1.01
1777046935.9451566,0.995,0.1,0.81,0.0,0.895,1.0
1777046947.2570598,0.994,0.109,0.815,0.0,0.885,1.01
1777046958.4917815,0.992,0.129,0.82,0.0,0.863,1.07
1777046969.708412,0.991,0.139,0.825,0.0,0.852,1.09
1777046980.897237,0.99,0.135,0.83,0.0,0.855,1.06
1777046992.0910373,0.989,0.132,0.835,0.0,0.857,1.04
1777046996.5195491,1.0,0.23,0.8,0.0,0.77,1.49
1777047003.100669,0.988,0.163,0.84,0.0,0.825,1.12
1777047007.5085359,0.998,0.135,0.795,0.0,0.863,1.15
1777047014.2360003,0.988,0.181,0.845,0.0,0.807,1.17
1777047018.692701,0.995,0.136,0.79,0.0,0.86,1.18
1777047025.4343798,0.987,0.173,0.85,0.0,0.814,1.13
1777047029.8808439,0.994,0.132,0.785,0.0,0.861,1.19
1777047036.596889,0.987,0.166,0.855,0.0,0.821,1.09
1777047041.0104,0.992,0.129,0.78,0.0,0.863,1.2
1777047047.7663167,0.987,0.159,0.86,0.0,0.828,1.05
1777047052.0840745,0.991,0.13,0.775,0.0,0.86,1.23
1777047058.9773574,0.982,0.19,0.855,0.0,0.792,1.18
1777047063.2906773,0.99,0.162,0.77,0.0,0.827,1.37
1777047070.2556567,0.981,0.22,0.85,0.0,0.761,1.32
1777047074.503024,0.989,0.199,0.765,0.0,0.79,1.55
1777047081.381828,0.981,0.222,0.855,0.0,0.759,1.31
1777047085.677136,0.988,0.197,0.76,0.0,0.791,1.57
1777047092.5694542,0.981,0.22,0.86,0.0,0.761,1.28
1777047096.895059,0.988,0.196,0.755,0.0,0.792,1.59
1777047103.7772846,0.976,0.208,0.865,0.0,0.768,1.23
1777047108.0840528,0.983,0.194,0.75,0.0,0.789,1.63
1777047114.996421,0.976,0.197,0.87,0.0,0.779,1.18
1777047119.2854986,0.978,0.185,0.745,0.0,0.793,1.63
1777047126.1724806,0.976,0.188,0.875,0.0,0.789,1.13
1777047130.435622,0.973,0.176,0.75,0.0,0.797,1.59
1777047137.3488169,0.977,0.179,0.87,0.0,0.798,1.11
1777047141.6695557,0.968,0.169,0.755,0.0,0.799,1.56
1777047148.5022194,0.972,0.171,0.865,0.0,0.801,1.12
1777047159.6558433,0.967,0.164,0.86,0.0,0.803,1.13
1777047170.8036325,0.962,0.157,0.855,0.0,0.804,1.14
1777047182.0137289,0.957,0.152,0.85,0.0,0.805,1.16
1777047193.2109916,0.957,0.155,0.855,0.0,0.802,1.15
1777047204.3808274,0.957,0.154,0.86,0.0,0.803,1.13
1777047215.5396776,0.958,0.148,0.865,0.0,0.809,1.09
1777047226.7194858,0.958,0.144,0.87,0.0,0.815,1.06
1777047237.9050136,0.959,0.139,0.875,0.0,0.82,1.03
1777047249.0687668,0.96,0.135,0.88,0.0,0.824,1.0
1777047260.2594652,0.961,0.132,0.885,0.0,0.829,0.97
1777047271.462751,0.962,0.129,0.89,0.0,0.833,0.95
1777047282.6135693,0.962,0.134,0.895,0.0,0.828,0.95
1777047293.8295588,0.963,0.135,0.9,0.0,0.828,0.93
1777047304.9859474,0.964,0.132,0.905,0.0,0.833,0.91
1777047359.9002814,1.0,0.1,0.8,0.0,0.9,1.02
1777047371.2225323,0.998,0.109,0.805,0.0,0.889,1.03
1777047382.4152458,0.996,0.108,0.81,0.0,0.888,1.02
1777047393.5721385,0.994,0.122,0.815,0.0,0.872,1.05
1777047404.7313554,0.993,0.125,0.82,0.0,0.867,1.05
1777047415.92647,0.991,0.132,0.825,0.0,0.86,1.06
1777047427.0849578,0.99,0.141,0.83,0.0,0.849,1.08
1777047438.2892833,0.989,0.141,0.835,0.0,0.848,1.07
1777047449.466895,0.989,0.139,0.84,0.0,0.85,1.05
1777047460.644034,0.988,0.15,0.845,0.0,0.838,1.07
1777047471.8415437,0.988,0.166,0.846,0.0,0.822,1.11
1777047483.0004084,0.988,0.166,0.851,0.0,0.822,1.1
1777047494.2158532,0.987,0.174,0.856,0.0,0.813,1.11
1777048024.7566073,1.0,0.122,0.8,0.0,0.878,1.08
1777048036.148552,0.998,0.107,0.795,0.0,0.891,1.06
1777048047.4807951,0.996,0.138,0.79,0.0,0.857,1.18
1777048058.7989092,0.994,0.19,0.785,0.0,0.805,1.41
1777048070.19111,0.993,0.216,0.78,0.0,0.777,1.55
1777048081.4919932,0.991,0.211,0.775,0.0,0.781,1.56
1777048092.761587,0.99,0.204,0.77,0.0,0.787,1.55
1777048104.160472,0.99,0.194,0.765,0.0,0.796,1.53
1777048115.422502,0.989,0.184,0.76,0.0,0.805,1.51
1777048573.4151683,1.0,0.1,0.8,0.0,0.9,1.02
1777048584.8319952,0.998,0.1,0.805,0.0,0.898,1.01
1777048596.2355878,0.996,0.106,0.81,0.0,0.89,1.02
1777048607.6833954,0.994,0.111,0.815,0.0,0.883,1.02
1777048619.0056045,0.993,0.118,0.82,0.0,0.874,1.03
1777048630.3990128,0.992,0.116,0.825,0.0,0.875,1.01
1777048641.6834586,0.991,0.115,0.83,0.0,0.876,1.0
1777048652.9467943,0.99,0.113,0.835,0.0,0.876,0.98
1777048664.2245367,0.989,0.112,0.84,0.0,0.877,0.97
1777048675.510158,0.989,0.111,0.845,0.0,0.878,0.95
1777048686.791038,0.988,0.11,0.85,0.0,0.878,0.93
1777048698.1041095,0.988,0.109,0.845,0.0,0.879,0.95
1777048709.4154363,0.988,0.108,0.85,0.0,0.88,0.93
1777048720.692682,0.983,0.107,0.845,0.0,0.876,0.95
1777048731.9726539,0.978,0.106,0.84,0.0,0.871,0.98
1777048743.2629137,0.973,0.106,0.835,0.0,0.867,1.01
1777048764.8113647,0.968,0.105,0.83,0.0,0.863,1.04
1777048776.3037045,0.963,0.105,0.825,0.0,0.858,1.07
1777048787.887198,0.958,0.104,0.82,0.0,0.854,1.1
1777048799.2889569,0.953,0.104,0.815,0.0,0.849,1.13
1777048810.5964131,0.948,0.103,0.81,0.0,0.844,1.16
1777048821.9008965,0.943,0.103,0.805,0.0,0.84,1.19
1777048833.2857034,0.943,0.103,0.81,0.0,0.84,1.18
1777048844.527109,0.943,0.102,0.815,0.0,0.841,1.16
1777048855.8270905,0.943,0.102,0.82,0.0,0.841,1.14
1777048867.1343327,0.944,0.102,0.825,0.0,0.842,1.12
1777048878.4056392,0.945,0.102,0.83,0.0,0.843,1.1
1777048889.6929002,0.946,0.102,0.835,0.0,0.844,1.08
1777048900.9694862,0.947,0.101,0.84,0.0,0.845,1.06
1777048912.267009,0.948,0.101,0.845,0.0,0.846,1.04
1777048923.5621712,0.949,0.101,0.85,0.0,0.848,1.02
1777048934.8580818,0.95,0.101,0.855,0.0,0.849,1.0
1777048946.1685622,0.951,0.101,0.86,0.0,0.85,0.98
1777048957.5340316,0.953,0.101,0.865,0.0,0.852,0.96
1777050424.6447392,1.0,0.1,0.8,0.0,0.9,1.02
1777050435.937093,0.998,0.102,0.805,0.0,0.896,1.01
1777050447.31207,0.996,0.13,0.81,0.0,0.866,1.09
1777050458.5809612,0.994,0.135,0.815,0.0,0.859,1.1
1777050469.8556213,0.993,0.139,0.82,0.0,0.854,1.1
1777050481.270453,0.992,0.144,0.825,0.0,0.847,1.1
1777050492.5354393,0.991,0.142,0.83,0.0,0.849,1.08
1777050503.8104162,0.99,0.138,0.835,0.0,0.852,1.06
1777050515.0625207,0.989,0.134,0.84,0.0,0.855,1.03
1777050526.3682368,0.989,0.131,0.845,0.0,0.858,1.01
1777050537.6110818,0.989,0.128,0.84,0.0,0.861,1.01
1777050548.8581238,0.984,0.125,0.835,0.0,0.859,1.03
1777050560.103533,0.979,0.122,0.83,0.0,0.856,1.06
1777050571.338272,0.978,0.12,0.835,0.0,0.858,1.04
1777050582.5894346,0.973,0.118,0.83,0.0,0.855,1.06
1777050593.8698113,0.973,0.116,0.835,0.0,0.857,1.04
1777050605.1441214,0.973,0.115,0.84,0.0,0.858,1.02
1777050616.4499016,0.973,0.113,0.845,0.0,0.86,1.0
1777050637.704125,0.973,0.112,0.85,0.0,0.861,0.98
1777050648.8568377,0.973,0.111,0.855,0.0,0.862,0.97
1777050660.088237,0.973,0.11,0.86,0.0,0.864,0.95
1777050671.3160646,0.974,0.109,0.855,0.0,0.865,0.96
1777050682.5329661,0.974,0.108,0.85,0.0,0.866,0.97
1777050693.7311718,0.975,0.107,0.845,0.0,0.868,0.98
1777050704.9024282,0.975,0.106,0.84,0.0,0.869,0.99
1777050716.0651386,0.976,0.106,0.845,0.0,0.87,0.97
1777050727.2283044,0.976,0.105,0.85,0.0,0.871,0.96
1777050738.4529984,0.977,0.105,0.855,0.0,0.872,0.94
1777050749.6740491,0.977,0.104,0.86,0.0,0.873,0.92
1777050760.8302548,0.978,0.104,0.865,0.0,0.874,0.91
1777050772.0405078,0.979,0.103,0.87,0.0,0.875,0.89
1777050783.2391796,0.979,0.103,0.875,0.0,0.876,0.87
1777050794.365532,0.98,0.103,0.88,0.0,0.877,0.86
1777050805.5399914,0.981,0.102,0.885,0.0,0.878,0.84
1777050816.7084692,0.981,0.102,0.89,0.0,0.879,0.83
1777050827.8729937,0.982,0.102,0.895,0.0,0.88,0.81
1777050839.0287373,0.983,0.102,0.9,0.0,0.881,0.8
1777050850.20405,0.983,0.102,0.905,0.0,0.882,0.79
1777050861.3967032,0.982,0.117,0.904,0.001,0.865,0.83
1777050872.8188994,0.977,0.117,0.899,0.001,0.86,0.85
1777050884.114922,0.978,0.118,0.904,0.0,0.86,0.84
1777050895.4780889,0.976,0.116,0.903,0.001,0.861,0.84
1777050906.9536302,0.976,0.114,0.902,0.002,0.861,0.84
1777050918.3328927,0.975,0.113,0.902,0.002,0.862,0.84
1777050929.7488294,0.974,0.111,0.901,0.002,0.863,0.84
1777050941.0911007,0.973,0.11,0.9,0.003,0.863,0.84
1777050952.314396,0.968,0.136,0.895,0.003,0.832,0.94
1777050963.569975,0.963,0.167,0.89,0.002,0.796,1.06
1777050974.777184,0.958,0.196,0.885,0.002,0.763,1.19
1777050986.055425,0.96,0.223,0.89,0.002,0.736,1.26
1777050997.3932238,0.961,0.252,0.895,0.002,0.709,1.35
1777051008.5672705,0.962,0.284,0.9,0.002,0.678,1.45
1777051019.8200417,0.963,0.314,0.905,0.001,0.649,1.56
1777051031.3056524,0.964,0.293,0.91,0.001,0.671,1.44
1777051042.6906202,0.965,0.274,0.915,0.001,0.692,1.34
1777051054.0481303,0.96,0.261,0.92,0.001,0.7,1.29
1777051065.3912396,0.955,0.245,0.925,0.001,0.711,1.23
1777051076.754323,0.95,0.23,0.93,0.001,0.72,1.18
1777051088.053714,0.945,0.217,0.934,0.001,0.728,1.13
1777051099.3939214,0.94,0.205,0.938,0.001,0.735,1.1
1777051110.7877903,0.941,0.195,0.941,0.001,0.747,1.05
1777051122.1488764,0.943,0.188,0.945,0.001,0.754,1.01
1777051133.5041785,0.944,0.184,0.948,0.001,0.76,0.99
1777051144.904314,0.945,0.176,0.951,0.001,0.77,0.96
1777051156.0902996,0.947,0.19,0.953,0.001,0.756,0.98
1777051167.3138418,0.948,0.216,0.956,0.0,0.732,1.05
1777051178.550881,0.95,0.205,0.958,0.0,0.745,1.0
1777051189.770851,0.951,0.194,0.961,0.0,0.757,0.96
1777051200.9302523,0.953,0.185,0.963,0.0,0.768,0.93
1777051212.1254542,0.954,0.176,0.965,0.0,0.778,0.89
1777051223.317712,0.956,0.169,0.966,0.0,0.787,0.87
1777051234.3912246,0.957,0.162,0.968,0.0,0.795,0.84
1777051245.5644026,0.959,0.156,0.97,0.0,0.803,0.82
1777051256.7558012,0.96,0.15,0.971,0.0,0.81,0.8
1777051267.95659,0.961,0.145,0.973,0.0,0.816,0.78
1777051279.1372752,0.956,0.141,0.974,0.0,0.816,0.78
1777051290.3316402,0.951,0.137,0.975,0.0,0.815,0.78
1777051301.5396252,0.946,0.133,0.977,0.0,0.813,0.78
1777051312.5913472,0.941,0.165,0.978,0.0,0.777,0.86
1777051323.812854,0.936,0.193,0.979,0.0,0.743,0.95
1777051335.0224583,0.931,0.184,0.98,0.0,0.747,0.94
1777051346.2106822,0.926,0.175,0.981,0.0,0.751,0.92
1777051357.4082472,0.921,0.168,0.982,0.0,0.753,0.91
1777051368.6342037,0.916,0.161,0.983,0.0,0.755,0.91
1777051466.4551325,1.0,0.1,0.8,0.0,0.9,1.03
1777051477.4943485,0.998,0.1,0.805,0.0,0.898,1.02
1777051488.7136855,0.996,0.1,0.81,0.0,0.896,1.01
1777051499.9212508,0.995,0.1,0.815,0.0,0.895,1.0
1777051510.9388788,0.993,0.1,0.82,0.0,0.893,0.99
1777051522.1305587,0.992,0.1,0.825,0.0,0.892,0.98
1777051533.3381653,0.991,0.1,0.83,0.0,0.891,0.97
1777051544.3242934,0.991,0.1,0.835,0.0,0.891,0.96
1777051555.5571342,0.99,0.1,0.84,0.0,0.89,0.94
1777051566.7500968,0.99,0.1,0.845,0.0,0.89,0.93
1777051577.7640069,0.989,0.1,0.85,0.0,0.889,0.92
1777051588.956296,0.984,0.1,0.845,0.0,0.884,0.95
1777051600.1711931,0.984,0.104,0.85,0.0,0.879,0.94
1777051611.4338226,0.979,0.104,0.855,0.0,0.875,0.94
1777051622.7806044,0.979,0.11,0.86,0.0,0.869,0.95
1777051634.170361,0.979,0.117,0.865,0.0,0.862,0.95
1777051645.5247917,0.979,0.123,0.87,0.0,0.856,0.95
1777051656.8126974,0.979,0.121,0.875,0.0,0.859,0.94
1777051668.0816336,0.979,0.119,0.88,0.0,0.861,0.92
1777051679.2450852,0.98,0.117,0.875,0.0,0.863,0.92
1777051690.4050105,0.98,0.115,0.87,0.0,0.865,0.93
1777051701.539051,0.975,0.114,0.865,0.0,0.862,0.95
1777051712.6858954,0.975,0.112,0.87,0.0,0.863,0.94
1777051723.930792,0.976,0.111,0.875,0.0,0.865,0.92
1777051735.096557,0.976,0.11,0.88,0.0,0.866,0.9
1777051746.3622482,0.977,0.109,0.885,0.0,0.868,0.88
1777051757.5429225,0.977,0.108,0.89,0.0,0.869,0.87
1777051768.7055662,0.978,0.107,0.895,0.0,0.871,0.85
1777051780.0798936,0.978,0.111,0.9,0.0,0.867,0.85
1777051791.25872,0.979,0.11,0.905,0.0,0.869,0.83
1777051802.425437,0.98,0.109,0.91,0.0,0.871,0.81
1777051813.393799,0.98,0.108,0.915,0.0,0.872,0.8
1777051824.5439525,0.981,0.107,0.92,0.0,0.873,0.78
1777051835.722706,0.981,0.107,0.925,0.0,0.875,0.77
1777051846.8967292,0.982,0.106,0.93,0.0,0.876,0.75
1777051858.0853791,0.982,0.105,0.935,0.0,0.877,0.74
1777051869.3282578,0.983,0.107,0.939,0.0,0.876,0.73
1777051880.5579064,0.984,0.106,0.943,0.0,0.877,0.72
1777051891.695851,0.984,0.117,0.947,0.0,0.867,0.74
1777051902.8665814,0.985,0.15,0.951,0.0,0.834,0.8
1777051913.9772723,0.985,0.145,0.954,0.0,0.84,0.78
1777051925.1093073,0.986,0.141,0.957,0.0,0.845,0.76
1777051936.2623248,0.986,0.137,0.96,0.0,0.85,0.75
1777051947.2266543,0.987,0.133,0.962,0.0,0.854,0.73
1777051958.3802867,0.987,0.13,0.964,0.0,0.858,0.72
1777051969.5151627,0.988,0.127,0.967,0.0,0.861,0.71
1777052031.30561,1.0,0.47,0.8,0.0,0.53,3.05
1777052042.5929222,0.995,0.147,0.795,0.0,0.848,1.24
1777052053.977328,0.99,0.195,0.79,0.0,0.795,1.46
1777052065.1554418,0.985,0.241,0.785,0.0,0.744,1.72
1777052076.2809737,0.98,0.247,0.78,0.0,0.733,1.8
1777052087.6259756,0.976,0.232,0.775,0.0,0.744,1.77
1777052098.9182749,0.974,0.219,0.77,0.0,0.755,1.74
1777052110.299698,0.973,0.242,0.765,0.0,0.731,1.9
1777052121.589136,0.972,0.279,0.76,0.0,0.694,2.15
1777052132.8669477,0.972,0.316,0.755,0.0,0.657,2.42
1777052144.225135,0.973,0.321,0.75,0.0,0.652,2.49
1777052155.58531,0.974,0.306,0.745,0.0,0.668,2.41
1777052166.894804,0.975,0.285,0.74,0.0,0.69,2.29
1777052178.182543,0.976,0.273,0.745,0.0,0.702,2.18
1777052189.4936714,0.976,0.261,0.75,0.0,0.716,2.07
1777052200.7104747,0.977,0.249,0.755,0.0,0.728,1.97
1777052212.046151,0.978,0.238,0.76,0.0,0.74,1.87
1777052223.458578,0.979,0.224,0.765,0.0,0.755,1.77
1777052235.0853004,0.98,0.212,0.77,0.0,0.768,1.68
1777052246.487624,0.98,0.201,0.775,0.0,0.78,1.6
1777052257.7539606,0.981,0.19,0.78,0.0,0.79,1.53
1777052269.1126525,0.982,0.181,0.785,0.0,0.8,1.46
1777052280.4270802,0.982,0.173,0.79,0.0,0.809,1.41
1777052291.8005087,0.983,0.166,0.795,0.0,0.817,1.35
1777052303.1927385,0.984,0.159,0.8,0.0,0.824,1.3
1777052314.5112782,0.984,0.153,0.805,0.0,0.831,1.26
1777052325.8611689,0.985,0.148,0.81,0.0,0.837,1.22
1777052337.258247,0.985,0.143,0.815,0.0,0.842,1.19
1777052348.68147,0.986,0.139,0.82,0.0,0.847,1.15
1777052359.8611643,0.987,0.135,0.825,0.0,0.851,1.12
1777052370.9324489,0.987,0.132,0.83,0.0,0.856,1.09
1777052382.1022737,0.988,0.128,0.835,0.0,0.859,1.06
1777052393.3913026,0.988,0.126,0.84,0.0,0.863,1.04
1777052404.6309748,0.989,0.158,0.845,0.0,0.831,1.12
1777052415.9064689,0.989,0.157,0.85,0.0,0.832,1.1
1777052427.1358902,0.989,0.151,0.855,0.0,0.838,1.07
1777052438.3675892,0.99,0.146,0.86,0.0,0.844,1.03
1777052449.6026025,0.99,0.141,0.865,0.0,0.849,1.0
1777052460.8209183,0.991,0.137,0.87,0.0,0.853,0.97
1777052472.0622082,0.991,0.134,0.875,0.0,0.858,0.95
1777052483.4405086,0.991,0.165,0.88,0.0,0.827,1.03
1777101685.9628706,1.0,0.1,0.8,0.0,0.9,1.05
1777101698.6296172,0.998,0.1,0.805,0.0,0.898,1.04
1777101711.5303957,0.996,0.102,0.81,0.0,0.894,1.04
1777101724.584064,0.995,0.106,0.815,0.0,0.889,1.04
1777101737.6410458,0.994,0.113,0.82,0.0,0.881,1.04
1777101750.7198832,0.993,0.112,0.825,0.0,0.881,1.03
1777101763.574915,0.992,0.146,0.83,0.0,0.846,1.12
1777101776.5212145,0.991,0.176,0.835,0.0,0.815,1.21
1777101790.070693,0.991,0.173,0.84,0.0,0.818,1.18
1777101802.8490086,0.99,0.171,0.845,0.0,0.819,1.16
1777101815.6589334,0.99,0.175,0.85,0.0,0.815,1.16
1777101828.51313,0.99,0.167,0.855,0.0,0.823,1.12
1777101841.1938045,0.99,0.161,0.85,0.0,0.829,1.11
1777101853.930719,0.99,0.155,0.855,0.0,0.835,1.08
1777101867.1185362,0.99,0.177,0.86,0.0,0.813,1.13
1777102097.2409744,1.0,0.1,0.8,0.0,0.9,1.05
1777102109.6901078,0.998,0.1,0.805,0.0,0.898,1.04
1777102122.144772,0.997,0.1,0.81,0.0,0.897,1.03
1777102134.5873623,0.995,0.1,0.815,0.0,0.895,1.02
1777102146.9504302,0.994,0.1,0.82,0.0,0.894,1.01
1777102159.2988539,0.993,0.1,0.825,0.0,0.893,0.99
1777102171.7373526,0.992,0.1,0.83,0.0,0.892,0.98
1777102184.723448,0.992,0.105,0.835,0.0,0.887,0.98
1777102197.6751468,0.991,0.104,0.84,0.0,0.887,0.97
1777102345.5831282,1.0,0.1,0.8,0.0,0.9,1.05
1777102358.6137059,0.998,0.1,0.805,0.0,0.898,1.04
1777102371.3240106,0.997,0.1,0.81,0.0,0.897,1.03
1777102384.2065945,0.995,0.135,0.815,0.0,0.86,1.13
1777102397.0331106,0.994,0.131,0.82,0.0,0.863,1.1
1777102409.7488706,0.993,0.128,0.825,0.0,0.865,1.08
1777102422.5891416,0.992,0.161,0.83,0.0,0.832,1.17
1777102435.5908413,0.992,0.154,0.835,0.0,0.837,1.13
1777102448.9368172,0.991,0.149,0.84,0.0,0.842,1.1
1777102461.972891,0.991,0.148,0.845,0.0,0.843,1.08
1777102474.8022778,0.99,0.182,0.84,0.0,0.808,1.22
1777102487.495639,0.99,0.209,0.835,0.0,0.781,1.34
1777102500.1935565,0.99,0.233,0.83,0.0,0.757,1.45
1777102956.2116725,1.0,0.1,0.8,0.0,0.9,1.05
1777102969.1173186,0.998,0.1,0.805,0.0,0.898,1.04
1777102982.1334877,0.997,0.1,0.81,0.0,0.897,1.03
1777102995.035274,0.995,0.1,0.815,0.0,0.895,1.02
1777103007.885694,0.994,0.1,0.82,0.0,0.894,1.01
1777103021.045842,0.993,0.107,0.825,0.0,0.886,1.01
1777103034.1717145,0.992,0.125,0.83,0.0,0.867,1.06
1777103047.3792856,0.992,0.122,0.835,0.0,0.869,1.03
1777103060.560503,0.991,0.122,0.84,0.0,0.869,1.02
1777103073.7257469,0.991,0.124,0.845,0.0,0.867,1.01
1777103086.5733552,0.99,0.126,0.85,0.0,0.865,1.0
1777103099.3681881,0.99,0.123,0.855,0.0,0.867,0.98
1777103112.2470624,0.99,0.121,0.86,0.0,0.869,0.96
1777103125.093429,0.985,0.119,0.855,0.0,0.866,0.98
1777103137.85769,0.985,0.117,0.85,0.0,0.868,0.99
1777103150.7310534,0.985,0.115,0.845,0.0,0.87,1.0
1777103163.8275645,0.985,0.114,0.85,0.0,0.871,0.98
1777103176.5739267,0.985,0.112,0.855,0.0,0.873,0.96
1777103189.595541,0.985,0.111,0.86,0.0,0.874,0.95
1777103202.6406758,0.98,0.11,0.855,0.0,0.87,0.97
1777103215.6404433,0.98,0.109,0.86,0.0,0.871,0.96
1777103228.7496643,0.975,0.108,0.855,0.0,0.867,0.98
1777103241.7249854,0.97,0.107,0.85,0.0,0.863,1.01
1777103254.7545192,0.97,0.107,0.855,0.0,0.864,0.99
1777103267.8109198,0.97,0.106,0.86,0.0,0.864,0.98
1777103280.7074494,0.97,0.105,0.865,0.0,0.865,0.96
1777103293.7794695,0.971,0.105,0.87,0.0,0.866,0.94
1777103306.6214652,0.966,0.104,0.875,0.0,0.862,0.94
1777103319.4816046,0.961,0.104,0.88,0.0,0.857,0.94
1777103332.1172326,0.961,0.103,0.885,0.0,0.858,0.92
1777103345.0196412,0.962,0.103,0.89,0.0,0.859,0.91
1777103357.835283,0.962,0.105,0.895,0.0,0.858,0.9
1777103370.428123,0.963,0.108,0.9,0.0,0.855,0.89
1777103382.9181433,0.964,0.113,0.905,0.0,0.85,0.89
1777103395.2244623,0.965,0.12,0.91,0.0,0.844,0.89
1777103407.3994465,0.965,0.118,0.915,0.0,0.847,0.87
1777103419.6738431,0.966,0.116,0.92,0.0,0.85,0.85
1777103432.218166,0.967,0.122,0.925,0.0,0.845,0.85
1777103444.4228792,0.968,0.155,0.93,0.0,0.813,0.92
1777103457.0682971,0.969,0.149,0.935,0.0,0.82,0.89
1777103469.829061,0.97,0.144,0.939,0.0,0.826,0.86
1777103482.6669917,0.971,0.14,0.943,0.0,0.831,0.84
1777103495.5271928,0.972,0.136,0.947,0.0,0.836,0.82
1777103508.2820039,0.973,0.132,0.95,0.0,0.84,0.8
1777103521.4347787,0.974,0.164,0.953,0.0,0.81,0.87
1777103534.2290845,0.974,0.209,0.956,0.0,0.766,0.98
1777103547.2445598,0.975,0.253,0.959,0.0,0.723,1.1
1777103560.259754,0.976,0.237,0.961,0.0,0.739,1.04
1777103573.0988457,0.977,0.224,0.964,0.0,0.753,0.99
1777103585.7630055,0.978,0.211,0.966,0.0,0.766,0.95
1777103598.6164274,0.979,0.2,0.968,0.0,0.778,0.91
1777103611.17936,0.979,0.19,0.97,0.0,0.789,0.88
1777103623.922357,0.974,0.181,0.972,0.0,0.793,0.86
1777103636.4477348,0.975,0.173,0.973,0.0,0.802,0.84
1777103649.3325021,0.976,0.166,0.975,0.0,0.81,0.81
1777103662.1244452,0.976,0.159,0.976,0.0,0.817,0.79
1777103674.9474523,0.977,0.153,0.977,0.0,0.824,0.78
1777103687.6680717,0.978,0.148,0.979,0.0,0.83,0.76
1777103700.2469614,0.979,0.143,0.98,0.0,0.835,0.74
1777103712.9435027,0.979,0.139,0.981,0.0,0.84,0.73
1777103725.4116085,0.98,0.135,0.982,0.0,0.845,0.72
1777103738.2831364,0.981,0.131,0.983,0.0,0.849,0.71
1777103750.7082248,0.981,0.128,0.984,0.0,0.853,0.7
1777103763.3390946,0.982,0.125,0.984,0.0,0.856,0.69
1777103775.4918873,0.983,0.123,0.985,0.0,0.86,0.68
1777103787.6375012,0.983,0.121,0.986,0.0,0.863,0.68
1777103799.7669463,0.984,0.119,0.987,0.0,0.865,0.67
1777103811.9678118,0.984,0.117,0.987,0.0,0.868,0.66
1777103824.3345628,0.985,0.115,0.988,0.0,0.87,0.66
1777103836.509771,0.986,0.114,0.989,0.0,0.872,0.65
1777113753.0674167,1.0,0.1,0.8,0.0,0.9,1.06
1777113766.2789896,0.998,0.1,0.805,0.0,0.898,1.05
1777113779.517069,0.997,0.1,0.81,0.0,0.897,1.04
1777113792.9089937,0.995,0.1,0.815,0.0,0.895,1.03
1777113805.9715242,0.994,0.1,0.82,0.0,0.894,1.02
1777113819.120359,0.993,0.1,0.825,0.0,0.893,1.01
1777113832.054855,0.993,0.1,0.83,0.0,0.893,0.99
1777113845.0182126,0.992,0.1,0.835,0.0,0.892,0.98
1777113857.9740148,0.992,0.1,0.84,0.0,0.892,0.97
1777113870.9509592,0.991,0.1,0.845,0.0,0.891,0.96
1777113883.9535115,0.991,0.1,0.84,0.0,0.891,0.97
1777113927.1154578,0.991,0.1,0.835,0.0,0.891,0.99
1777113940.4539683,0.991,0.1,0.83,0.0,0.891,1.0
1777113953.618734,0.986,0.1,0.825,0.0,0.886,1.03
1777113967.0064654,0.981,0.1,0.82,0.0,0.881,1.06
1777113980.1951725,0.976,0.1,0.815,0.0,0.876,1.09
1777113993.692788,0.971,0.135,0.81,0.0,0.836,1.24
1777114007.081818,0.966,0.166,0.805,0.0,0.799,1.4
1777114020.3579812,0.961,0.16,0.8,0.0,0.801,1.42
1777114033.5623288,0.956,0.154,0.805,0.0,0.802,1.39
1777114046.6272142,0.956,0.148,0.81,0.0,0.807,1.35
1777114060.0098438,0.956,0.146,0.815,0.0,0.811,1.32
1777114073.069094,0.957,0.143,0.82,0.0,0.814,1.29
1777114086.1834815,0.952,0.139,0.815,0.0,0.813,1.31
1777114099.230118,0.952,0.135,0.82,0.0,0.817,1.28
1777114112.2670667,0.953,0.131,0.825,0.0,0.822,1.24
1777114125.4131796,0.954,0.128,0.83,0.0,0.826,1.21
1777114138.778729,0.955,0.125,0.835,0.0,0.829,1.18
1777114151.9771433,0.956,0.125,0.84,0.0,0.83,1.16
1777268343.1021404,1.0,0.1,0.8,0.0,0.9,1.06
1777268354.292954,0.998,0.107,0.805,0.0,0.891,1.08
1777268365.5696664,0.997,0.107,0.81,0.0,0.89,1.06
1777268376.7674189,0.996,0.106,0.815,0.0,0.89,1.05
1777268387.9001944,0.994,0.105,0.82,0.0,0.889,1.04
1777268399.0439663,0.994,0.105,0.825,0.0,0.889,1.02
1777268410.1229668,0.993,0.104,0.83,0.0,0.889,1.01
1777268421.2903755,0.992,0.104,0.835,0.0,0.888,0.99
1777268432.3914976,0.992,0.103,0.84,0.0,0.888,0.98
1777268443.392992,0.991,0.103,0.845,0.0,0.888,0.97
1777268454.4388797,0.991,0.103,0.85,0.0,0.888,0.95
1777268465.7029996,0.991,0.103,0.855,0.0,0.888,0.94
1777268476.9285035,0.991,0.102,0.85,0.0,0.888,0.95
1777268488.0672789,0.991,0.109,0.845,0.0,0.881,0.98
1777268499.0332325,0.991,0.116,0.84,0.0,0.875,1.02
1777268509.9859693,0.991,0.114,0.845,0.0,0.876,1.0
1777268521.065522,0.986,0.122,0.84,0.0,0.863,1.05
1777268532.2589276,0.986,0.127,0.845,0.0,0.858,1.05
1777268543.4824102,0.986,0.125,0.85,0.0,0.861,1.03
1777268554.6831417,0.986,0.122,0.855,0.0,0.864,1.01
1777268565.85767,0.986,0.127,0.86,0.0,0.858,1.0
1777268576.9530716,0.986,0.134,0.865,0.0,0.852,1.01
1777268588.1045716,0.986,0.135,0.87,0.0,0.852,1.0
1777268599.1955023,0.986,0.138,0.875,0.0,0.848,0.99
1777268610.3817608,0.987,0.142,0.88,0.0,0.845,0.99
1777268621.3915021,0.987,0.138,0.885,0.0,0.849,0.96
1777268632.7011662,0.987,0.139,0.89,0.0,0.848,0.95
1777268643.7831836,0.988,0.135,0.895,0.0,0.852,0.92
1777268654.8903685,0.988,0.139,0.9,0.0,0.849,0.92
1777268666.0195236,0.988,0.143,0.905,0.0,0.846,0.92
1777268677.2347558,0.989,0.146,0.91,0.0,0.843,0.91
1777268688.5529106,0.989,0.141,0.915,0.0,0.848,0.88
1777268699.5707588,0.989,0.149,0.92,0.0,0.84,0.89
1777268710.6599388,0.99,0.146,0.925,0.0,0.843,0.87
1777268721.6454198,0.99,0.144,0.93,0.0,0.846,0.85
1777268732.7356925,0.99,0.139,0.935,0.0,0.851,0.83
1777268743.9681652,0.991,0.136,0.94,0.0,0.855,0.8
1777268755.1390443,0.991,0.132,0.944,0.0,0.859,0.79
1777268766.2443616,0.991,0.136,0.948,0.0,0.855,0.79
1777268777.295254,0.991,0.15,0.952,0.0,0.841,0.81
1779115746.4834929,1.0,0.1,0.8,0.0,0.9,1.07
1779115759.7236366,0.998,0.104,0.795,0.0,0.894,1.1
1779115773.4810638,0.997,0.114,0.79,0.0,0.883,1.15
1779115786.7515335,0.996,0.15,0.785,0.0,0.846,1.3
1779115799.7052822,0.995,0.18,0.78,0.0,0.815,1.45
1779115812.8184137,0.994,0.174,0.775,0.0,0.82,1.45
1779115825.9128256,0.994,0.169,0.77,0.0,0.824,1.45
1779115839.1127326,0.993,0.197,0.765,0.0,0.796,1.6
1779115852.150475,0.993,0.195,0.76,0.0,0.797,1.61
1779115865.3372655,0.993,0.211,0.755,0.0,0.782,1.71
1779115878.4281046,0.992,0.217,0.75,0.0,0.775,1.77
1779115891.4754164,0.992,0.206,0.745,0.0,0.787,1.74
1779115904.6119967,0.992,0.195,0.743,0.005,0.797,1.73
1779115917.6296763,0.992,0.186,0.738,0.006,0.807,1.71
1779115930.7730079,0.992,0.177,0.733,0.006,0.815,1.69
1779115943.7395442,0.993,0.169,0.728,0.006,0.823,1.67
1779115956.9048371,0.993,0.165,0.733,0.011,0.828,1.66
1779115969.8455093,0.993,0.166,0.738,0.016,0.827,1.67
1779115982.9679477,0.993,0.169,0.733,0.016,0.824,1.71
1779115996.0997663,0.993,0.165,0.728,0.016,0.828,1.71
1779116009.316409,0.994,0.166,0.723,0.016,0.827,1.74
1779116022.5475216,0.994,0.194,0.728,0.016,0.799,1.86
1779116035.4990535,0.994,0.198,0.723,0.016,0.796,1.91
1779116048.5735834,0.994,0.201,0.728,0.015,0.794,1.89
1779116061.6755562,0.994,0.223,0.723,0.015,0.771,2.04
1779116074.607517,0.995,0.211,0.718,0.015,0.784,1.99
1779116087.8267195,0.995,0.215,0.713,0.014,0.78,2.04
1779116101.016328,0.995,0.239,0.708,0.014,0.757,2.22
1779116114.1783936,0.995,0.26,0.703,0.013,0.736,2.38
1779116127.6979625,0.996,0.279,0.708,0.013,0.717,2.47
1779116140.9616804,0.996,0.296,0.703,0.012,0.7,2.62
1779116154.1516316,0.996,0.311,0.698,0.012,0.685,2.77
1779116167.0832367,0.996,0.323,0.693,0.011,0.673,2.9
1779116180.1420329,0.996,0.303,0.688,0.011,0.693,2.78
1779116193.3334732,0.997,0.283,0.683,0.01,0.714,2.65
1779116206.185072,0.997,0.265,0.688,0.01,0.732,2.48
1779116219.1308084,0.997,0.268,0.683,0.009,0.729,2.53
1779116232.1440864,0.997,0.252,0.688,0.009,0.746,2.38
1779116245.110027,0.997,0.241,0.693,0.008,0.756,2.27
1779116258.0785306,0.997,0.245,0.698,0.008,0.752,2.26
1779116271.0203192,0.998,0.231,0.693,0.007,0.767,2.19
1779116283.9591959,0.998,0.217,0.688,0.007,0.78,2.13
1779116296.7916815,0.998,0.241,0.693,0.007,0.757,2.25
1779116309.626945,0.998,0.227,0.688,0.006,0.771,2.19
1779116322.4362333,0.998,0.214,0.693,0.006,0.784,2.08
1779116335.0806808,0.998,0.203,0.688,0.006,0.796,2.04
1779116347.9397001,0.998,0.192,0.693,0.005,0.806,1.94
1779116360.5607274,0.993,0.183,0.688,0.005,0.81,1.95
1779116373.2796593,0.993,0.175,0.683,0.005,0.818,1.93
1779116385.9155746,0.988,0.202,0.678,0.004,0.786,2.14
1779116398.5028439,0.987,0.227,0.673,0.004,0.76,2.34
1779116411.0043688,0.987,0.245,0.678,0.004,0.742,2.43
1779116423.7487576,0.986,0.23,0.673,0.004,0.756,2.37
1779116436.6002588,0.986,0.217,0.678,0.004,0.769,2.25
1779116449.570994,0.986,0.206,0.673,0.003,0.78,2.2
1779116462.3089714,0.986,0.195,0.678,0.003,0.791,2.1
1779116474.8882298,0.986,0.186,0.673,0.003,0.801,2.08
1779116487.549241,0.986,0.177,0.678,0.003,0.809,2.0
1779116500.2134109,0.987,0.169,0.683,0.003,0.817,1.92
1779116512.8840504,0.987,0.162,0.688,0.002,0.825,1.85
1779116525.6476457,0.982,0.156,0.683,0.002,0.826,1.87
1779116538.3369532,0.977,0.151,0.678,0.002,0.826,1.9
1779116551.2684488,0.976,0.148,0.673,0.002,0.828,1.91
1779116564.1615283,0.976,0.143,0.668,0.002,0.833,1.91
1779116577.1034513,0.976,0.145,0.673,0.002,0.831,1.9
1779116590.0626018,0.976,0.14,0.678,0.002,0.836,1.84
1779116602.986002,0.977,0.136,0.683,0.002,0.84,1.79
1779116615.6773636,0.977,0.133,0.688,0.001,0.844,1.74
1779116628.750689,0.977,0.129,0.693,0.001,0.848,1.7
1779116641.4816773,0.978,0.127,0.698,0.001,0.851,1.66
1779116654.2532241,0.979,0.124,0.693,0.001,0.855,1.67
1779116667.1059177,0.974,0.121,0.688,0.001,0.852,1.7
1779116679.987029,0.974,0.119,0.683,0.001,0.855,1.71
1779116692.786201,0.974,0.117,0.678,0.001,0.857,1.73
1779116705.5527837,0.975,0.116,0.673,0.001,0.859,1.74
1779116718.2824402,0.975,0.114,0.668,0.001,0.861,1.76
1779116731.1025019,0.976,0.113,0.663,0.001,0.863,1.78
1779116743.8078375,0.977,0.111,0.658,0.001,0.865,1.79
1779116756.5402098,0.977,0.11,0.653,0.001,0.867,1.81
1779116769.3831923,0.978,0.109,0.648,0.001,0.869,1.82
1779116782.347998,0.979,0.108,0.643,0.001,0.871,1.84
1779116795.1469486,0.98,0.107,0.648,0.001,0.872,1.8
1779116808.1312287,0.981,0.107,0.653,0.001,0.874,1.77
1779116821.0679283,0.981,0.106,0.658,0.001,0.875,1.74
1779116833.9128337,0.982,0.105,0.663,0.0,0.877,1.7
1779116846.6566203,0.983,0.105,0.668,0.0,0.878,1.67
1779116860.1928365,0.984,0.107,0.673,0.0,0.877,1.65
1779116873.1269035,0.985,0.144,0.678,0.0,0.84,1.8
1779116886.0464773,0.985,0.14,0.683,0.0,0.845,1.76
1779116898.9050922,0.986,0.136,0.678,0.0,0.85,1.76
1779116911.519378,0.981,0.132,0.673,0.0,0.849,1.79
1779116924.7027295,0.981,0.133,0.668,0.0,0.848,1.82
1779116937.8329332,0.982,0.144,0.673,0.0,0.838,1.85
1779116951.0331008,0.982,0.153,0.678,0.0,0.829,1.87
1779116964.0164158,0.977,0.162,0.673,0.0,0.815,1.97
1779116977.3691206,0.977,0.156,0.668,0.0,0.821,1.97
1779116990.6287758,0.977,0.15,0.673,0.0,0.827,1.91
1779117003.5843563,0.978,0.145,0.678,0.0,0.832,1.85
1779117016.6068676,0.978,0.141,0.673,0.0,0.837,1.85
1779117029.417498,0.973,0.137,0.668,0.0,0.836,1.88
1779117042.202559,0.973,0.174,0.663,0.0,0.799,2.13
1779117055.001572,0.973,0.202,0.668,0.0,0.772,2.27
1779117067.817546,0.974,0.226,0.663,0.0,0.747,2.46
1779117080.712619,0.974,0.249,0.658,0.0,0.726,2.66
1779117093.5407586,0.969,0.269,0.653,0.0,0.7,2.9
1779117106.3288908,0.97,0.28,0.648,0.0,0.689,3.03
1779117119.19415,0.97,0.297,0.643,0.0,0.673,3.22
1779117132.0728629,0.97,0.313,0.638,0.0,0.658,3.42
1779117144.8859622,0.971,0.32,0.633,0.0,0.651,3.53
1779117157.7178302,0.972,0.298,0.628,0.0,0.674,3.35
1779117170.4211552,0.973,0.278,0.633,0.0,0.695,3.12
1779117183.2445958,0.974,0.263,0.638,0.0,0.711,2.94
1779117196.0454857,0.974,0.282,0.643,0.0,0.693,3.05
1779117208.8526723,0.975,0.298,0.648,0.0,0.677,3.14
1779117221.6077585,0.976,0.314,0.653,0.0,0.663,3.23
1779117234.4110744,0.977,0.327,0.648,0.0,0.65,3.39
1779117247.2150688,0.978,0.339,0.643,0.0,0.639,3.55
1779117260.0212145,0.979,0.339,0.648,0.0,0.64,3.49
1779117272.797125,0.98,0.35,0.643,0.0,0.63,3.64
1779117285.6320488,0.981,0.343,0.638,0.0,0.638,3.61
1779117298.435201,0.982,0.354,0.643,0.0,0.628,3.66
1779117311.2027733,0.983,0.344,0.638,0.0,0.639,3.6
1779117323.9494593,0.984,0.319,0.643,0.0,0.664,3.3
1779117336.9321194,0.984,0.297,0.648,0.0,0.687,3.05
1779117349.7342434,0.985,0.296,0.653,0.0,0.689,2.99
1779117362.432965,0.986,0.286,0.658,0.0,0.699,2.86
1779117375.1881962,0.987,0.268,0.663,0.0,0.719,2.67
1779117387.9784636,0.987,0.256,0.658,0.0,0.731,2.62
1779117400.7827983,0.988,0.243,0.663,0.0,0.745,2.48
1779117413.5676718,0.989,0.247,0.668,0.0,0.742,2.47
1779117426.2809052,0.989,0.267,0.663,0.0,0.722,2.65
1779117439.0457585,0.99,0.254,0.658,0.0,0.736,2.58
1779117451.824454,0.991,0.238,0.653,0.0,0.752,2.5
1779117464.7196648,0.991,0.259,0.658,0.0,0.732,2.61
1779117477.5166147,0.992,0.278,0.663,0.0,0.713,2.71
1779117490.3040884,0.992,0.271,0.668,0.0,0.721,2.62
1779117503.067018,0.993,0.254,0.673,0.0,0.739,2.45
1779117515.827353,0.993,0.241,0.678,0.0,0.752,2.33
1779117528.7135296,0.993,0.227,0.683,0.0,0.766,2.21
1779117541.5605195,0.994,0.214,0.678,0.0,0.779,2.15
1779117554.5731037,0.994,0.203,0.673,0.0,0.791,2.11
1779117567.3604865,0.994,0.211,0.668,0.0,0.784,2.19
1779117580.1174688,0.995,0.2,0.673,0.0,0.795,2.09
1779117592.8649762,0.995,0.218,0.668,0.0,0.777,2.23
1779117605.697039,0.995,0.238,0.673,0.0,0.758,2.33
1779117618.4490926,0.996,0.25,0.668,0.0,0.746,2.44
1779117631.2395658,0.996,0.27,0.663,0.0,0.726,2.62
1779117644.0437164,0.996,0.287,0.658,0.0,0.709,2.79
1779117656.8270028,0.996,0.284,0.653,0.0,0.713,2.8
1779117669.8199127,0.997,0.265,0.648,0.0,0.731,2.69
1779117682.339867,0.997,0.249,0.653,0.0,0.748,2.53
1779117695.1228845,0.997,0.239,0.658,0.0,0.758,2.42
1779117707.8037376,0.997,0.233,0.663,0.0,0.764,2.35
1779117720.513001,0.997,0.22,0.658,0.0,0.778,2.3
1779117733.2915595,0.998,0.208,0.663,0.0,0.79,2.18
1779117745.9542503,0.998,0.197,0.658,0.0,0.801,2.14
1779117844.9713624,1.0,0.12,0.8,0.0,0.88,1.13
1779117857.90345,0.999,0.11,0.795,0.0,0.889,1.12
1779117870.7321897,0.997,0.113,0.79,0.0,0.884,1.15
1779117883.7149768,0.996,0.12,0.785,0.0,0.877,1.2
1779117896.5575948,0.995,0.126,0.78,0.0,0.87,1.24
1779117909.464485,0.995,0.128,0.775,0.0,0.866,1.26
1779117922.2830815,0.994,0.16,0.77,0.0,0.834,1.41
1779117935.0897555,0.994,0.154,0.765,0.0,0.839,1.41
1779117947.9569483,0.993,0.162,0.76,0.0,0.831,1.46
1779117960.8848484,0.993,0.156,0.755,0.0,0.837,1.46
1779117973.6863241,0.993,0.164,0.75,0.0,0.829,1.52
1779117986.522822,0.993,0.158,0.745,0.0,0.835,1.51
1779117999.2454817,0.993,0.155,0.75,0.005,0.838,1.5
1779118012.0643733,0.993,0.17,0.745,0.006,0.823,1.6
1779118024.7091765,0.993,0.163,0.75,0.011,0.83,1.57
1779118037.4671807,0.993,0.165,0.745,0.011,0.828,1.6
1779118050.1294441,0.993,0.166,0.74,0.012,0.827,1.64
1779118062.7728927,0.994,0.16,0.735,0.012,0.834,1.63
1779118075.6595488,0.994,0.154,0.73,0.013,0.84,1.63
1779118088.3654315,0.994,0.154,0.725,0.013,0.84,1.65
1779118101.1092932,0.994,0.159,0.72,0.013,0.835,1.7
1779118113.7936695,0.994,0.169,0.715,0.013,0.825,1.78
1779118126.45545,0.995,0.178,0.71,0.012,0.816,1.84
1779118139.1660993,0.995,0.17,0.705,0.012,0.824,1.82
1779118151.775196,0.995,0.163,0.71,0.012,0.832,1.76
1779118164.5871453,0.995,0.157,0.715,0.012,0.838,1.71
1779118177.1954103,0.995,0.151,0.71,0.011,0.844,1.69
1779118189.9720838,0.996,0.146,0.705,0.011,0.849,1.69
1779118202.7079306,0.996,0.142,0.7,0.011,0.854,1.69
1779118215.3504229,0.996,0.137,0.695,0.01,0.859,1.69
1779118228.0316932,0.996,0.134,0.69,0.01,0.863,1.7
1779118240.553733,0.996,0.13,0.685,0.01,0.866,1.7
1779118253.2203379,0.997,0.127,0.69,0.009,0.869,1.65
1779118265.8394094,0.997,0.125,0.685,0.009,0.872,1.67
1779118278.5100558,0.997,0.122,0.68,0.008,0.875,1.67
1779118291.1886585,0.997,0.155,0.675,0.008,0.842,1.87
1779118303.8675919,0.997,0.184,0.67,0.008,0.813,2.06
1779118316.5127301,0.997,0.179,0.665,0.007,0.819,2.05
1779118329.2208683,0.998,0.171,0.66,0.007,0.827,2.03
1779118341.7405639,0.998,0.164,0.655,0.007,0.834,2.02
1779118354.3663714,0.998,0.157,0.65,0.006,0.841,2.0
1779118366.9807563,0.998,0.152,0.645,0.006,0.846,2.0
1779118379.6309707,0.998,0.181,0.64,0.006,0.817,2.2
1779118392.22545,0.998,0.208,0.635,0.005,0.79,2.41
1779118404.9687822,0.998,0.197,0.64,0.005,0.801,2.3
1779118417.8316903,0.998,0.188,0.635,0.005,0.811,2.27
1779118431.4649568,0.998,0.183,0.63,0.004,0.816,2.26
1779118444.119076,0.999,0.175,0.625,0.004,0.824,2.24
1779118456.8575034,0.999,0.167,0.62,0.004,0.831,2.22
1779118469.7437112,0.999,0.163,0.615,0.004,0.835,2.23
1779118482.5770056,0.999,0.163,0.62,0.004,0.836,2.2
1779118495.4908755,0.999,0.165,0.625,0.003,0.834,2.17
1779118508.462828,0.999,0.178,0.62,0.003,0.821,2.28
1779118521.364161,0.999,0.17,0.615,0.003,0.829,2.26
1779118534.2579625,0.994,0.163,0.61,0.003,0.831,2.28
1779118547.0994813,0.994,0.159,0.605,0.003,0.834,2.29
1779118560.002055,0.993,0.157,0.6,0.002,0.836,2.31
1779118572.8667498,0.993,0.155,0.595,0.002,0.838,2.33
1779118585.6722314,0.993,0.156,0.59,0.002,0.837,2.37
1779118598.5283446,0.993,0.15,0.585,0.002,0.842,2.36
1779118611.3489802,0.993,0.145,0.58,0.002,0.847,2.36
1779118624.053687,0.988,0.141,0.575,0.002,0.847,2.41
1779118636.819988,0.987,0.137,0.57,0.002,0.851,2.42
1779118649.7986236,0.987,0.133,0.565,0.002,0.854,2.43
1779118662.5662596,0.987,0.138,0.56,0.002,0.849,2.5
1779118675.3543134,0.987,0.134,0.555,0.001,0.853,2.5
1779118688.2078252,0.987,0.131,0.55,0.001,0.856,2.51
1779118700.9968798,0.982,0.128,0.545,0.001,0.854,2.56
1779118713.8003557,0.982,0.135,0.54,0.001,0.847,2.65
1779118726.4628541,0.982,0.143,0.545,0.001,0.838,2.67
1779118739.2126207,0.982,0.151,0.54,0.001,0.831,2.77
1779118752.0428615,0.982,0.146,0.535,0.001,0.836,2.77
1779118764.9978657,0.982,0.141,0.53,0.001,0.841,2.77
1779118776.773164,0.982,0.14,0.525,0.001,0.842,2.81
1779118789.3295708,0.977,0.136,0.52,0.001,0.841,2.86
1779118801.809391,0.977,0.14,0.515,0.001,0.837,2.93
1779118814.3019567,0.977,0.145,0.51,0.001,0.833,3.01
1779118826.555958,0.978,0.167,0.515,0.001,0.81,3.15
1779118839.163739,0.978,0.161,0.51,0.001,0.817,3.15
1779118851.8743467,0.979,0.157,0.505,0.001,0.822,3.15
1779118864.4796846,0.979,0.157,0.5,0.001,0.822,3.19
1779118876.94911,0.98,0.157,0.495,0.0,0.822,3.22
1779118889.6338813,0.98,0.158,0.5,0.0,0.823,3.18
1779118902.3538687,0.981,0.152,0.505,0.0,0.829,3.07
1779118915.1016924,0.982,0.147,0.5,0.0,0.835,3.07
1779118927.7698205,0.982,0.142,0.495,0.0,0.84,3.07
1779118940.4860098,0.983,0.138,0.49,0.0,0.845,3.07
1779118953.288539,0.984,0.134,0.485,0.0,0.85,3.07
1779118966.0696862,0.984,0.134,0.48,0.0,0.851,3.11
1779118978.8568127,0.985,0.13,0.475,0.0,0.855,3.11
1779118991.6473565,0.986,0.127,0.47,0.0,0.859,3.12
1779119004.271221,0.986,0.124,0.465,0.0,0.862,3.14
1779119016.8540554,0.987,0.122,0.47,0.0,0.865,3.07
1779119029.591695,0.988,0.122,0.475,0.0,0.866,3.02
1779119042.2743256,0.988,0.122,0.47,0.0,0.867,3.06
1779156906.2154696,1.0,0.128,0.8,0.0,0.872,1.16
1779156917.5080214,0.999,0.1,0.795,0.005,0.899,1.11
1779156928.7021847,0.997,0.1,0.79,0.01,0.897,1.15
1779156939.8495212,0.996,0.1,0.785,0.015,0.896,1.19
1779156950.954745,0.996,0.1,0.78,0.02,0.896,1.23
1779156962.0800793,0.995,0.1,0.775,0.025,0.895,1.27
1779156973.2145462,0.995,0.1,0.77,0.03,0.895,1.31
1779156984.330258,0.994,0.1,0.765,0.035,0.894,1.36
1779156995.5798352,0.994,0.1,0.76,0.04,0.894,1.4
1779157006.686627,0.994,0.1,0.755,0.045,0.894,1.45
1779157017.8372598,0.994,0.1,0.75,0.05,0.894,1.5
1779157028.9670103,0.993,0.1,0.755,0.055,0.893,1.51
1779157040.1016784,0.993,0.1,0.76,0.06,0.893,1.51
1779157051.235244,0.994,0.1,0.765,0.065,0.894,1.51
1779157062.413266,0.994,0.1,0.77,0.069,0.894,1.51
1779157073.5802968,0.994,0.1,0.775,0.07,0.894,1.49
1779157084.6771452,0.994,0.1,0.78,0.07,0.894,1.47
1779157095.8342576,0.994,0.1,0.785,0.07,0.894,1.45
1779157106.967316,0.994,0.1,0.78,0.069,0.894,1.47
1779157118.0911682,0.994,0.1,0.785,0.068,0.894,1.44
1779157129.22077,0.995,0.1,0.79,0.067,0.895,1.41
1779157140.3697073,0.995,0.1,0.795,0.065,0.895,1.38
1779157151.5230613,0.995,0.1,0.8,0.063,0.895,1.35
1779157162.6498225,0.995,0.1,0.805,0.062,0.895,1.33
1779157173.8435266,0.995,0.1,0.81,0.06,0.895,1.3
1779157185.0039198,0.996,0.1,0.815,0.058,0.896,1.27
1779157196.144321,0.996,0.1,0.82,0.055,0.896,1.24
1779157207.3034444,0.996,0.1,0.825,0.053,0.896,1.21
1779157218.51299,0.996,0.1,0.83,0.051,0.896,1.18
1779157229.8033118,0.996,0.1,0.835,0.049,0.896,1.16
1779157240.9165053,0.996,0.1,0.84,0.047,0.896,1.13
1779157252.0778642,0.997,0.1,0.845,0.045,0.897,1.11
1779157263.184978,0.997,0.1,0.85,0.043,0.897,1.08
1779157274.2933865,0.997,0.1,0.855,0.041,0.897,1.06
1779157285.410832,0.997,0.1,0.86,0.039,0.897,1.04
1779157296.5340962,0.997,0.1,0.865,0.044,0.897,1.04
1779157307.5507936,0.997,0.1,0.866,0.051,0.897,1.06
1779157318.682685,0.997,0.1,0.87,0.044,0.897,1.02
1779157329.7934747,0.998,0.1,0.875,0.045,0.898,1.01
1779157340.9439166,0.998,0.1,0.88,0.045,0.898,1.0
1779157352.066519,0.998,0.1,0.885,0.045,0.898,0.98
1779157363.1873724,0.998,0.1,0.89,0.044,0.898,0.96
1779157374.2994335,0.998,0.1,0.895,0.044,0.898,0.95
1779157385.4218946,0.998,0.1,0.9,0.044,0.898,0.94
1779157396.4745247,0.998,0.1,0.905,0.043,0.898,0.92
1779157407.619802,0.998,0.1,0.91,0.048,0.898,0.92
1779157418.7047577,0.998,0.1,0.911,0.054,0.898,0.94
1779157429.806121,0.998,0.1,0.912,0.06,0.898,0.96
1779157440.882171,0.998,0.1,0.913,0.066,0.898,0.97
1779157451.977268,0.998,0.1,0.914,0.072,0.898,0.99
1779157463.059853,0.998,0.1,0.915,0.077,0.898,1.01
1779157474.1462107,0.998,0.1,0.916,0.082,0.898,1.02
1779157485.27667,0.998,0.1,0.916,0.047,0.898,0.9
1779157496.3672993,0.999,0.1,0.921,0.045,0.899,0.88
1779157507.6188054,0.999,0.1,0.926,0.043,0.899,0.86
1779157518.7805963,0.999,0.1,0.931,0.041,0.899,0.84
1779157529.9378924,0.999,0.1,0.936,0.039,0.899,0.83
1779157541.0981112,0.999,0.1,0.941,0.037,0.899,0.81
1779157552.3478208,0.999,0.139,0.946,0.035,0.86,0.88
1779157563.634809,0.999,0.135,0.951,0.033,0.864,0.86
1779157574.8869648,0.999,0.132,0.946,0.031,0.867,0.85
1779157586.1420648,0.999,0.128,0.95,0.036,0.871,0.85
1779157597.661543,0.999,0.126,0.953,0.041,0.874,0.85
1779157608.8821929,0.999,0.123,0.948,0.039,0.876,0.85
1779157620.0966709,0.999,0.121,0.951,0.044,0.879,0.85
1779157631.2853408,0.999,0.119,0.946,0.041,0.881,0.85
1779157642.4918563,0.999,0.152,0.948,0.038,0.848,0.92
1779157653.689525,0.999,0.182,0.943,0.035,0.818,1.01
1779157664.756574,0.999,0.208,0.946,0.033,0.791,1.07
1779157676.0123158,0.999,0.233,0.948,0.031,0.767,1.14
1779157687.2505503,1.0,0.254,0.95,0.029,0.745,1.19
1779157698.466225,1.0,0.264,0.952,0.027,0.736,1.21
1779157709.7022882,1.0,0.282,0.954,0.025,0.717,1.26
1779157720.924216,1.0,0.299,0.949,0.023,0.7,1.33
1779157732.233991,1.0,0.314,0.944,0.022,0.685,1.41
1779157743.429333,1.0,0.328,0.945,0.02,0.672,1.45
1779157754.6839697,1.0,0.34,0.947,0.019,0.66,1.49
1779157765.9787946,1.0,0.351,0.949,0.018,0.649,1.52
1779157777.2477272,1.0,0.351,0.95,0.016,0.649,1.51
1779157788.5635788,1.0,0.361,0.952,0.015,0.639,1.53
1779157799.7680507,1.0,0.34,0.954,0.014,0.66,1.43
1779157811.099406,1.0,0.33,0.956,0.013,0.67,1.38
1779157822.4060864,1.0,0.321,0.958,0.012,0.679,1.33
1779157833.6510894,1.0,0.329,0.96,0.012,0.671,1.35
1779157844.7977045,1.0,0.306,0.961,0.011,0.694,1.26
1779157855.9356608,1.0,0.296,0.956,0.01,0.704,1.24
1779157867.1463509,1.0,0.29,0.951,0.009,0.709,1.23
1779157878.4101605,1.0,0.285,0.946,0.009,0.715,1.23
1779157889.7245064,0.995,0.283,0.941,0.008,0.712,1.25
1779157901.0890012,0.99,0.265,0.936,0.008,0.725,1.22
1779157912.3277965,0.989,0.248,0.931,0.007,0.741,1.18
1779157923.5444381,0.988,0.239,0.926,0.007,0.749,1.17
1779157934.7083633,0.988,0.225,0.927,0.006,0.763,1.12
1779157946.0125704,0.987,0.213,0.922,0.006,0.775,1.1
1779157957.2445993,0.987,0.201,0.917,0.005,0.786,1.07
1779157968.4386404,0.987,0.191,0.917,0.005,0.796,1.04
1779157979.6418612,0.982,0.182,0.912,0.005,0.8,1.05
1779157990.8623672,0.977,0.174,0.907,0.004,0.803,1.05
1779158002.1289403,0.972,0.167,0.902,0.004,0.806,1.06
1779158013.3868625,0.967,0.16,0.897,0.004,0.807,1.07
1779158024.6012256,0.966,0.154,0.892,0.004,0.812,1.07
1779158035.8290322,0.965,0.168,0.887,0.003,0.797,1.13
1779158046.98103,0.964,0.189,0.889,0.003,0.776,1.19
1779158058.1704557,0.964,0.18,0.884,0.003,0.784,1.18
1779158069.3748248,0.964,0.172,0.886,0.003,0.792,1.15
1779158080.411168,0.965,0.165,0.888,0.003,0.8,1.11
1779158091.816426,0.965,0.167,0.891,0.002,0.799,1.11
1779158103.0964997,0.966,0.179,0.894,0.002,0.786,1.13
1779158114.170473,0.967,0.206,0.898,0.002,0.76,1.21
1779158125.3807633,0.967,0.201,0.901,0.002,0.766,1.18
1779158136.6035628,0.968,0.226,0.905,0.002,0.742,1.25
1779158147.8715289,0.969,0.219,0.908,0.002,0.75,1.21
1779158159.205155,0.97,0.218,0.912,0.002,0.753,1.19
1779158170.4868717,0.972,0.241,0.916,0.001,0.731,1.24
1779158181.7534337,0.967,0.227,0.911,0.001,0.74,1.23
1779158192.9608073,0.962,0.214,0.906,0.001,0.748,1.22
1779158204.128191,0.962,0.203,0.901,0.001,0.759,1.2
1779158215.3743012,0.957,0.192,0.896,0.001,0.765,1.2
1779158226.610023,0.957,0.183,0.891,0.001,0.774,1.18
1779158237.8580065,0.952,0.175,0.886,0.001,0.777,1.19
1779158249.2119105,0.947,0.181,0.881,0.001,0.766,1.25
1779158260.4235609,0.947,0.208,0.884,0.001,0.739,1.33
1779158271.5134668,0.948,0.197,0.879,0.001,0.75,1.31
1779158282.70463,0.948,0.188,0.883,0.001,0.761,1.26
1779158293.8914034,0.949,0.187,0.886,0.001,0.762,1.24
1779160570.685601,0.95,0.19,0.89,0.001,0.761,1.23
1779160583.625609,0.952,0.181,0.894,0.001,0.771,1.18
1779160595.1206179,0.953,0.173,0.889,0.001,0.781,1.17
1779160606.1616023,0.948,0.165,0.884,0.001,0.783,1.18
1779160617.338139,0.949,0.159,0.879,0.0,0.791,1.16
1779160628.4165127,0.951,0.153,0.883,0.0,0.798,1.13
1779160640.1167912,0.952,0.148,0.887,0.0,0.805,1.09
1779160651.2995005,0.954,0.148,0.882,0.0,0.805,1.1
1779160662.428156,0.955,0.144,0.886,0.005,0.812,1.09
1779160673.687651,0.957,0.139,0.891,0.006,0.818,1.06
1779160684.8923304,0.959,0.135,0.895,0.006,0.823,1.03
1779160696.112971,0.96,0.132,0.899,0.006,0.829,1.01
1779160707.304596,0.962,0.129,0.904,0.007,0.833,0.98
1779160790.4423423,1.0,0.1,0.8,0.0,0.9,1.07
1779160801.685664,0.999,0.1,0.795,0.005,0.899,1.11
1779160812.9208481,0.998,0.1,0.79,0.01,0.898,1.15
1779160824.1133435,0.997,0.1,0.785,0.015,0.897,1.2
1779160835.4195213,0.996,0.1,0.78,0.02,0.896,1.24
1779160846.662784,0.995,0.1,0.775,0.025,0.895,1.29
1779160857.870563,0.995,0.1,0.77,0.03,0.895,1.34
1779160869.1144612,0.995,0.1,0.765,0.035,0.895,1.38
1779160880.43023,0.994,0.1,0.76,0.04,0.894,1.44
1779160891.575632,0.994,0.1,0.755,0.045,0.894,1.49
1779160902.8574202,0.994,0.1,0.75,0.047,0.894,1.52
1779160914.1046097,0.994,0.1,0.755,0.052,0.894,1.53
1779160925.4836996,0.994,0.135,0.76,0.057,0.859,1.71
1779160936.798386,0.994,0.166,0.765,0.058,0.827,1.85
1779160947.9420044,0.994,0.195,0.77,0.059,0.799,1.98
1779160959.2109175,0.994,0.22,0.775,0.059,0.774,2.1
1779160970.4479156,0.994,0.208,0.78,0.058,0.786,1.99
1779160981.617093,0.994,0.197,0.785,0.057,0.797,1.9
1779160993.0149505,0.995,0.188,0.79,0.056,0.807,1.81
1779161004.180316,0.995,0.179,0.785,0.055,0.816,1.78
1779161015.3681717,0.995,0.171,0.79,0.054,0.824,1.71
1779161027.0426023,0.995,0.164,0.795,0.052,0.831,1.64
1779161038.307094,0.995,0.163,0.8,0.051,0.832,1.6
1779161049.5171716,0.995,0.157,0.805,0.049,0.839,1.54
1779161060.6994386,0.996,0.151,0.81,0.047,0.845,1.47
1779161064.0857825,0.996,0.146,0.815,0.045,0.85,1.42
1779161075.2047274,0.996,0.141,0.81,0.044,0.855,1.42
1779161086.3057675,0.996,0.137,0.815,0.042,0.859,1.37
1779161097.4918566,0.996,0.134,0.81,0.04,0.863,1.36
1779161108.6900587,0.997,0.136,0.805,0.038,0.861,1.38
1779161119.8810034,0.997,0.138,0.8,0.036,0.859,1.39
1779161131.0310519,0.997,0.162,0.805,0.035,0.835,1.47
1779161142.2421203,0.997,0.191,0.81,0.033,0.806,1.56
1779161153.4569552,0.997,0.217,0.805,0.031,0.78,1.69
1779161164.701536,0.997,0.213,0.81,0.03,0.784,1.64
1779161175.8954086,0.997,0.202,0.805,0.028,0.795,1.6
1779161187.0951796,0.998,0.192,0.8,0.027,0.806,1.56
1779161198.256446,0.998,0.183,0.795,0.025,0.815,1.53
1779161209.4258502,0.998,0.202,0.79,0.024,0.795,1.64
1779161220.663122,0.998,0.212,0.785,0.023,0.786,1.7
1779161231.827595,0.998,0.201,0.78,0.022,0.797,1.67
1779161242.8645346,0.998,0.226,0.785,0.02,0.773,1.75
1779161253.976142,0.998,0.213,0.78,0.019,0.785,1.7
1779161265.1131213,0.998,0.233,0.775,0.018,0.766,1.82
1779161276.273238,0.998,0.254,0.78,0.017,0.744,1.9
1779161287.4153423,0.999,0.27,0.775,0.016,0.729,2.01
1779161298.5855541,0.999,0.27,0.78,0.015,0.729,1.97
1779161309.7181063,0.999,0.286,0.785,0.014,0.713,2.02
1779161320.877472,0.999,0.273,0.78,0.013,0.726,1.97
1779161331.9446032,0.999,0.261,0.775,0.013,0.737,1.93
1779161343.0651648,0.999,0.279,0.78,0.012,0.72,2.0
1779161354.2431185,0.999,0.296,0.775,0.011,0.703,2.12
1779161365.3959522,0.999,0.31,0.78,0.011,0.689,2.17
1779161376.526099,0.999,0.324,0.775,0.01,0.675,2.28
1779161387.724256,0.999,0.337,0.78,0.009,0.662,2.33
1779161398.8737664,0.999,0.348,0.785,0.009,0.651,2.37
1779161410.0376775,0.999,0.343,0.79,0.008,0.656,2.29
1779161421.23437,0.999,0.333,0.795,0.008,0.667,2.2
1779161432.3782625,0.999,0.329,0.79,0.007,0.67,2.19
1779161443.5453556,0.999,0.32,0.785,0.007,0.679,2.17
1779161454.6588397,0.999,0.333,0.78,0.006,0.666,2.27
1779161465.8304272,0.999,0.341,0.775,0.006,0.659,2.36
1779161477.0049617,1.0,0.352,0.77,0.006,0.648,2.46
1779161488.1225195,1.0,0.361,0.765,0.005,0.638,2.55
1779161499.1565492,1.0,0.358,0.77,0.005,0.642,2.5
1779161510.2858424,1.0,0.332,0.775,0.005,0.668,2.28
1779161521.4829984,1.0,0.344,0.77,0.004,0.656,2.39
1779161532.7804651,1.0,0.354,0.765,0.004,0.645,2.49
1779161543.967014,1.0,0.364,0.77,0.004,0.636,2.53
1779161555.2407904,1.0,0.337,0.765,0.004,0.662,2.37
1779161566.4418285,1.0,0.314,0.76,0.003,0.686,2.25
1779161577.6775813,1.0,0.292,0.765,0.003,0.707,2.08
1779161588.8846555,1.0,0.273,0.76,0.003,0.727,2.0
1779161600.0641406,1.0,0.291,0.755,0.003,0.709,2.13
1779161611.3530307,1.0,0.275,0.75,0.003,0.725,2.07
1779161622.4957924,1.0,0.257,0.755,0.002,0.743,1.93
1779161633.7034976,1.0,0.276,0.75,0.002,0.723,2.07
1779161644.7850728,1.0,0.259,0.745,0.002,0.741,2.0
1779161655.9259489,1.0,0.243,0.75,0.002,0.757,1.88
1779161667.1065283,1.0,0.229,0.755,0.002,0.771,1.78
1779161678.2642524,1.0,0.235,0.75,0.002,0.764,1.84
1779161689.4166174,1.0,0.257,0.755,0.002,0.743,1.93
1779161700.607026,1.0,0.241,0.76,0.002,0.759,1.82
1779161711.7451704,1.0,0.227,0.755,0.001,0.773,1.76
1779161722.8759682,1.0,0.22,0.75,0.001,0.78,1.75
1779161733.9401634,1.0,0.208,0.745,0.001,0.792,1.72
1779161745.0604188,1.0,0.2,0.75,0.001,0.8,1.65
1779161756.1862671,1.0,0.19,0.745,0.001,0.81,1.63
1779161767.3666804,1.0,0.181,0.75,0.001,0.819,1.57
1779161778.4865746,1.0,0.173,0.745,0.001,0.827,1.55
1779161789.6168997,0.995,0.166,0.74,0.001,0.829,1.57
1779161800.7057981,0.994,0.159,0.745,0.001,0.835,1.52
1779161811.7533643,0.989,0.153,0.74,0.001,0.836,1.53
1779161823.406253,0.989,0.148,0.745,0.001,0.841,1.49
1779161834.7284453,0.988,0.149,0.74,0.001,0.839,1.52
1779161845.8835304,0.983,0.144,0.735,0.001,0.839,1.54
1779161856.9126723,0.982,0.174,0.74,0.001,0.808,1.66
1779161868.081446,0.982,0.202,0.745,0.001,0.78,1.78
1779161879.2347977,0.981,0.192,0.75,0.001,0.789,1.71
1779161890.3620348,0.981,0.183,0.755,0.0,0.798,1.63
1779161901.5228245,0.981,0.174,0.76,0.0,0.807,1.57
1779161912.7702649,0.981,0.167,0.765,0.0,0.814,1.51
1779161923.872406,0.981,0.195,0.77,0.0,0.786,1.62
1779161936.5909345,0.982,0.22,0.765,0.0,0.762,1.76
1779161949.2882469,0.982,0.208,0.76,0.0,0.774,1.72
1779161961.644449,0.982,0.197,0.765,0.0,0.786,1.65
1779161974.503637,0.983,0.187,0.77,0.0,0.796,1.57
1779161987.3234239,0.983,0.178,0.765,0.0,0.805,1.55
1779162000.0903406,0.984,0.171,0.76,0.0,0.813,1.54
1779162012.7567542,0.979,0.164,0.755,0.0,0.816,1.55
1779162025.4843926,0.979,0.157,0.75,0.0,0.822,1.55
1779162038.2648668,0.979,0.151,0.755,0.0,0.828,1.5
1779162051.0248516,0.98,0.146,0.76,0.0,0.833,1.45
1779162063.9032478,0.98,0.142,0.765,0.0,0.839,1.41
1779162076.6357925,0.981,0.138,0.76,0.0,0.843,1.41
1779162089.4131737,0.981,0.134,0.755,0.0,0.847,1.42
1779162102.2365136,0.976,0.13,0.75,0.0,0.846,1.44
1779162115.1526322,0.976,0.127,0.745,0.0,0.849,1.45
1779162127.7906067,0.977,0.125,0.74,0.0,0.852,1.46
1779162140.563875,0.977,0.122,0.735,0.0,0.855,1.47
1779162153.4116523,0.978,0.14,0.73,0.0,0.838,1.56
1779162166.1364822,0.978,0.136,0.725,0.0,0.842,1.57
1779162178.8880582,0.979,0.134,0.73,0.0,0.845,1.53
1779162191.8013854,0.979,0.135,0.725,0.0,0.845,1.56
1779162204.6444688,0.98,0.135,0.72,0.0,0.845,1.58
1779162217.2799184,0.975,0.166,0.715,0.0,0.809,1.78
1779162229.9994688,0.97,0.168,0.71,0.0,0.802,1.84
1779162242.6306353,0.97,0.161,0.705,0.0,0.809,1.83
1779162255.2378275,0.965,0.155,0.7,0.0,0.81,1.85
1779162268.0726695,0.965,0.15,0.695,0.0,0.815,1.85
1779162280.8843188,0.96,0.184,0.69,0.0,0.776,2.1
1779162293.7305508,0.96,0.175,0.685,0.0,0.784,2.08
1779162306.4225001,0.96,0.168,0.69,0.0,0.792,2.0
1779162319.065644,0.955,0.161,0.685,0.0,0.794,2.02
1779162331.9000895,0.955,0.155,0.68,0.0,0.8,2.02
1779162344.4864998,0.955,0.178,0.675,0.0,0.777,2.19
1779162357.2026665,0.956,0.173,0.67,0.0,0.783,2.18
1779162369.974428,0.951,0.166,0.665,0.0,0.785,2.2
1779162382.6918392,0.952,0.159,0.66,0.0,0.792,2.18
1779162395.318198,0.952,0.182,0.655,0.0,0.77,2.36
1779162407.8843489,0.953,0.174,0.65,0.0,0.78,2.34
1779162420.401105,0.954,0.166,0.655,0.0,0.788,2.24
1779162433.0384653,0.956,0.16,0.66,0.0,0.796,2.16
1779162445.6865687,0.957,0.154,0.655,0.0,0.803,2.15
1779162458.2266753,0.959,0.148,0.65,0.0,0.81,2.13
1779162470.8990362,0.96,0.144,0.655,0.0,0.816,2.07
1779162483.4260967,0.961,0.139,0.65,0.0,0.822,2.06
1779162496.0227323,0.963,0.135,0.645,0.0,0.828,2.06
1779162508.5755615,0.965,0.132,0.65,0.0,0.833,2.0
1779162521.1551664,0.966,0.129,0.655,0.0,0.838,1.95
1779162533.7131455,0.968,0.126,0.66,0.0,0.842,1.89
1779162546.3668299,0.969,0.123,0.665,0.0,0.846,1.85
1779162559.0196788,0.97,0.156,0.67,0.0,0.815,1.99
1779162571.6733475,0.972,0.15,0.675,0.0,0.822,1.92
1779162584.312491,0.973,0.145,0.68,0.0,0.828,1.86
1779162596.8743296,0.975,0.141,0.685,0.0,0.834,1.8
1779162609.7578957,0.976,0.137,0.69,0.0,0.839,1.75
1779162622.5609045,0.977,0.142,0.695,0.0,0.836,1.75
1779162635.2051494,0.978,0.172,0.7,0.0,0.806,1.87
1779162648.049554,0.979,0.177,0.695,0.0,0.803,1.92
1779162661.0526881,0.974,0.193,0.69,0.0,0.781,2.07
1779162673.8195622,0.975,0.219,0.685,0.0,0.756,2.25
1779162686.6153414,0.976,0.207,0.69,0.0,0.769,2.14
1779162699.390256,0.977,0.196,0.695,0.0,0.78,2.04
1779162712.133377,0.972,0.19,0.69,0.0,0.782,2.06
1779162724.8610797,0.967,0.181,0.685,0.0,0.786,2.07
1779162737.6068096,0.967,0.173,0.69,0.0,0.794,1.99
1779162750.3417382,0.967,0.165,0.685,0.0,0.802,1.98
1779162763.020905,0.967,0.159,0.69,0.0,0.809,1.91
1779162775.6922076,0.968,0.153,0.695,0.0,0.815,1.85
1779162788.446068,0.969,0.148,0.7,0.0,0.821,1.79
1779162801.1622145,0.97,0.143,0.705,0.0,0.827,1.74
1779162813.8305001,0.97,0.139,0.71,0.0,0.832,1.69
1779162826.6852334,0.971,0.135,0.715,0.0,0.837,1.64
1779162839.7726321,0.972,0.14,0.72,0.0,0.833,1.64
1779162852.7750142,0.973,0.139,0.725,0.0,0.835,1.61
1779162865.7201786,0.974,0.135,0.73,0.0,0.84,1.56
1779162878.8515308,0.975,0.134,0.735,0.0,0.841,1.53
1779162891.9760087,0.976,0.131,0.74,0.0,0.846,1.49
1779162904.989533,0.977,0.128,0.745,0.0,0.85,1.45
1779162917.7721682,0.978,0.128,0.75,0.0,0.851,1.43
1779162930.5716121,0.979,0.125,0.755,0.0,0.854,1.39
1779162943.4342237,0.98,0.123,0.76,0.0,0.858,1.36
1779162956.1760974,0.981,0.12,0.765,0.0,0.861,1.32
1779162969.0332997,0.982,0.118,0.77,0.0,0.864,1.29
1779162981.9410818,0.983,0.116,0.775,0.0,0.867,1.26
1779162995.0910885,0.984,0.118,0.78,0.0,0.866,1.25
1779163008.0997806,0.985,0.116,0.785,0.0,0.869,1.22
1779163021.1025152,0.986,0.114,0.79,0.0,0.871,1.19
1779163034.0567894,0.986,0.113,0.795,0.0,0.874,1.17
1779163047.1363482,0.987,0.112,0.8,0.0,0.876,1.15
1779163060.1537757,0.988,0.11,0.805,0.0,0.877,1.12
1779163073.2465067,0.989,0.109,0.81,0.0,0.879,1.1
1779163086.2997909,0.989,0.108,0.815,0.0,0.881,1.08
1779163099.410108,0.99,0.108,0.82,0.0,0.882,1.06
1779163112.4722764,0.99,0.107,0.825,0.0,0.884,1.04
1779163125.4212432,0.989,0.1,0.83,0.0,0.889,1.01
1779163138.4594526,0.991,0.109,0.83,0.0,0.882,1.03
1779163151.5444663,0.991,0.108,0.835,0.0,0.883,1.01
1779163164.569471,0.992,0.107,0.84,0.0,0.885,0.99
1779163178.0487766,0.992,0.11,0.845,0.0,0.883,0.99
1779163191.1393523,0.993,0.109,0.85,0.0,0.884,0.97
1779163204.2427003,0.993,0.113,0.855,0.0,0.88,0.96
1779163217.059523,0.994,0.112,0.86,0.0,0.882,0.94
1779163230.1542175,0.994,0.111,0.865,0.0,0.883,0.93
1779163242.9498796,0.994,0.11,0.87,0.0,0.885,0.91
1779163256.2626762,0.995,0.109,0.875,0.0,0.886,0.89
1779163269.3494756,0.995,0.108,0.88,0.002,0.887,0.88
1779163282.3639774,0.995,0.107,0.875,0.002,0.888,0.9
1779163295.4373243,0.996,0.106,0.87,0.002,0.889,0.9
1779163308.643876,0.996,0.109,0.865,0.002,0.887,0.92
1779163322.0124388,0.996,0.143,0.87,0.002,0.853,1.01
1779163335.0583196,0.996,0.158,0.865,0.002,0.839,1.07
1779163348.0198786,0.997,0.154,0.86,0.001,0.843,1.06
1779163360.8154957,0.992,0.151,0.855,0.001,0.841,1.08
1779163373.6536372,0.991,0.146,0.86,0.001,0.846,1.06
1779163386.5582829,0.991,0.141,0.865,0.001,0.85,1.02
1779163399.476607,0.991,0.137,0.87,0.001,0.854,1.0
1779163412.333488,0.986,0.133,0.865,0.001,0.853,1.02
1779163425.1892207,0.981,0.13,0.86,0.001,0.851,1.04
1779163437.992299,0.981,0.127,0.855,0.001,0.854,1.04
1779163450.8956218,0.981,0.124,0.86,0.001,0.857,1.02
1779163463.7285879,0.981,0.122,0.865,0.001,0.859,1.0
